PRAGMA foreign_keys=OFF;
BEGIN TRANSACTION;
CREATE TABLE IF NOT EXISTS "django_migrations" ("id" integer NOT NULL PRIMARY KEY AUTOINCREMENT, "app" varchar(255) NOT NULL, "name" varchar(255) NOT NULL, "applied" datetime NOT NULL);
INSERT INTO django_migrations VALUES(1,'contenttypes','0001_initial','2024-10-23 23:07:36.988806');
INSERT INTO django_migrations VALUES(2,'auth','0001_initial','2024-10-23 23:07:37.017730');
INSERT INTO django_migrations VALUES(3,'admin','0001_initial','2024-10-23 23:07:37.037522');
INSERT INTO django_migrations VALUES(4,'admin','0002_logentry_remove_auto_add','2024-10-23 23:07:37.055268');
INSERT INTO django_migrations VALUES(5,'admin','0003_logentry_add_action_flag_choices','2024-10-23 23:07:37.090561');
INSERT INTO django_migrations VALUES(6,'app','0001_initial','2024-10-23 23:07:37.169728');
INSERT INTO django_migrations VALUES(7,'contenttypes','0002_remove_content_type_name','2024-10-23 23:07:37.201802');
INSERT INTO django_migrations VALUES(8,'auth','0002_alter_permission_name_max_length','2024-10-23 23:07:37.217667');
INSERT INTO django_migrations VALUES(9,'auth','0003_alter_user_email_max_length','2024-10-23 23:07:37.232165');
INSERT INTO django_migrations VALUES(10,'auth','0004_alter_user_username_opts','2024-10-23 23:07:37.247079');
INSERT INTO django_migrations VALUES(11,'auth','0005_alter_user_last_login_null','2024-10-23 23:07:37.260868');
INSERT INTO django_migrations VALUES(12,'auth','0006_require_contenttypes_0002','2024-10-23 23:07:37.266782');
INSERT INTO django_migrations VALUES(13,'auth','0007_alter_validators_add_error_messages','2024-10-23 23:07:37.277989');
INSERT INTO django_migrations VALUES(14,'auth','0008_alter_user_username_max_length','2024-10-23 23:07:37.292321');
INSERT INTO django_migrations VALUES(15,'auth','0009_alter_user_last_name_max_length','2024-10-23 23:07:37.306532');
INSERT INTO django_migrations VALUES(16,'auth','0010_alter_group_name_max_length','2024-10-23 23:07:37.321722');
INSERT INTO django_migrations VALUES(17,'auth','0011_update_proxy_permissions','2024-10-23 23:07:37.340841');
INSERT INTO django_migrations VALUES(18,'auth','0012_alter_user_first_name_max_length','2024-10-23 23:07:37.357499');
INSERT INTO django_migrations VALUES(19,'sessions','0001_initial','2024-10-23 23:07:37.370920');
INSERT INTO django_migrations VALUES(20,'app','0002_artist_alter_product_artist','2024-10-24 22:27:10.439611');
INSERT INTO django_migrations VALUES(21,'app','0003_alter_artist_image','2024-10-24 22:42:07.991808');
INSERT INTO django_migrations VALUES(22,'app','0004_alter_artist_image','2024-10-24 22:48:20.276000');
INSERT INTO django_migrations VALUES(23,'app','0002_alter_artist_image','2024-10-24 22:51:28.406987');
INSERT INTO django_migrations VALUES(24,'app','0003_remove_clothing_size_remove_product_stock_size','2024-10-28 12:30:44.883337');
INSERT INTO django_migrations VALUES(25,'app','0004_accessory_stock_cd_stock_vinil_stock','2024-10-28 12:58:57.120023');
INSERT INTO django_migrations VALUES(26,'app','0005_product_addedproduct','2024-10-28 14:13:21.781665');
INSERT INTO django_migrations VALUES(27,'app','0006_alter_user_options_alter_user_managers_and_more','2024-11-01 14:28:39.309179');
INSERT INTO django_migrations VALUES(28,'app','0007_alter_user_password','2024-11-01 14:35:17.139159');
INSERT INTO django_migrations VALUES(29,'app','0008_alter_user_password','2024-11-01 14:44:05.470792');
INSERT INTO django_migrations VALUES(30,'app','0009_alter_user_options_alter_user_managers_and_more','2024-11-01 14:50:01.951221');
INSERT INTO django_migrations VALUES(31,'app','0010_alter_user_options_alter_user_managers_and_more','2024-11-01 21:10:13.654629');
INSERT INTO django_migrations VALUES(32,'app','0011_user_address_user_country_user_phone_and_more','2024-11-05 00:15:00.154877');
INSERT INTO django_migrations VALUES(33,'app','0012_remove_user_profile_picture_user_image_and_more','2024-11-05 11:49:10.167813');
INSERT INTO django_migrations VALUES(34,'app','0011_remove_cart_products_remove_cart_total_and_more','2024-11-05 15:31:42.200066');
INSERT INTO django_migrations VALUES(35,'app','0013_merge_20241105_1347','2024-11-05 15:31:42.207716');
INSERT INTO django_migrations VALUES(36,'app','0014_user_company_user_user_type_alter_company_id','2024-11-05 15:31:42.240730');
INSERT INTO django_migrations VALUES(37,'app','0014_alter_user_country_alter_user_email','2024-11-05 15:31:42.263273');
INSERT INTO django_migrations VALUES(38,'app','0015_merge_20241105_1531','2024-11-05 15:31:42.270615');
INSERT INTO django_migrations VALUES(39,'app','0015_alter_user_phone','2024-11-05 16:50:37.845725');
INSERT INTO django_migrations VALUES(40,'app','0016_alter_user_company','2024-11-05 16:50:37.881957');
INSERT INTO django_migrations VALUES(41,'app','0015_merge_20241105_1528','2024-11-05 16:50:37.891093');
INSERT INTO django_migrations VALUES(42,'app','0017_merge_20241105_1602','2024-11-05 16:50:37.898929');
INSERT INTO django_migrations VALUES(43,'app','0018_user_firstname_user_lastname_alter_user_country','2024-11-05 19:34:30.943652');
INSERT INTO django_migrations VALUES(44,'app','0019_alter_user_password','2024-11-05 19:34:30.986120');
INSERT INTO django_migrations VALUES(45,'app','0020_remove_purchase_products_remove_purchase_total_and_more','2024-11-06 11:56:48.895415');
INSERT INTO django_migrations VALUES(46,'app','0021_cartitem_size','2024-11-06 12:28:45.188222');
INSERT INTO django_migrations VALUES(47,'app','0022_purchase_total_amount','2024-11-08 00:21:32.547101');
INSERT INTO django_migrations VALUES(48,'app','0023_artist_background_image','2024-11-08 23:01:24.621337');
INSERT INTO django_migrations VALUES(49,'app','0024_product_count','2024-11-08 23:01:24.632309');
INSERT INTO django_migrations VALUES(50,'app','0025_favorite_artist_alter_favorite_product','2024-11-09 01:16:09.522162');
INSERT INTO django_migrations VALUES(51,'app','0026_alter_favorite_artist_alter_favorite_product','2024-11-09 01:16:09.547717');
INSERT INTO django_migrations VALUES(52,'app','0027_auto_20241109_0113','2024-11-09 01:16:09.551237');
INSERT INTO django_migrations VALUES(53,'app','0028_remove_favorite_artist_alter_favorite_product_and_more','2024-11-09 01:16:09.587541');
INSERT INTO django_migrations VALUES(54,'app','0029_alter_favoriteartist_artist_alter_product_price','2024-11-09 14:30:58.229036');
INSERT INTO django_migrations VALUES(55,'app','0030_alter_product_artist_alter_product_price','2024-11-09 14:32:14.742587');
INSERT INTO django_migrations VALUES(56,'app','0031_alter_product_company','2024-11-09 14:32:36.461216');
INSERT INTO django_migrations VALUES(57,'app','0032_alter_product_addedproduct','2024-11-09 14:33:10.257182');
INSERT INTO django_migrations VALUES(58,'app','0029_alter_favoriteartist_artist','2024-11-09 15:15:24.355892');
INSERT INTO django_migrations VALUES(59,'app','0033_merge_20241109_1515','2024-11-09 15:15:24.362518');
INSERT INTO django_migrations VALUES(60,'app','0033_merge_20241109_1847','2024-11-09 20:18:07.483597');
INSERT INTO django_migrations VALUES(61,'app','0034_merge_20241109_2018','2024-11-09 20:18:07.487567');
INSERT INTO django_migrations VALUES(62,'app','0035_remove_favoriteartist_artist_favoriteartist_company_and_more','2024-11-09 21:04:06.509851');
INSERT INTO django_migrations VALUES(63,'app','0036_remove_favoriteartist_company_favoriteartist_artist_and_more','2024-11-09 21:05:36.379160');
INSERT INTO django_migrations VALUES(64,'app','0035_purchase_discount_applied_purchase_discount_value','2024-11-09 23:26:56.791450');
INSERT INTO django_migrations VALUES(65,'app','0037_merge_20241109_2326','2024-11-09 23:26:56.796396');
INSERT INTO django_migrations VALUES(66,'app','0037_merge_20241109_2328','2024-11-09 23:30:39.864259');
INSERT INTO django_migrations VALUES(67,'app','0038_remove_purchase_discount_applied_and_more','2024-11-09 23:30:39.884107');
INSERT INTO django_migrations VALUES(68,'app','0037_merge_20241109_2202','2024-11-09 23:45:30.922693');
INSERT INTO django_migrations VALUES(69,'app','0038_merge_20241109_2346','2024-11-09 23:46:32.909047');
INSERT INTO django_migrations VALUES(70,'app','0039_alter_review_text','2024-11-11 10:35:33.937558');
INSERT INTO django_migrations VALUES(71,'app','0040_alter_review_date','2024-11-11 10:36:20.326326');
INSERT INTO django_migrations VALUES(72,'app','0041_alter_review_rating','2024-11-11 10:40:22.243040');
CREATE TABLE IF NOT EXISTS "auth_group_permissions" ("id" integer NOT NULL PRIMARY KEY AUTOINCREMENT, "group_id" integer NOT NULL REFERENCES "auth_group" ("id") DEFERRABLE INITIALLY DEFERRED, "permission_id" integer NOT NULL REFERENCES "auth_permission" ("id") DEFERRABLE INITIALLY DEFERRED);
INSERT INTO auth_group_permissions VALUES(1,1,1);
INSERT INTO auth_group_permissions VALUES(2,1,2);
INSERT INTO auth_group_permissions VALUES(3,1,3);
INSERT INTO auth_group_permissions VALUES(4,1,4);
INSERT INTO auth_group_permissions VALUES(5,1,5);
INSERT INTO auth_group_permissions VALUES(6,1,6);
INSERT INTO auth_group_permissions VALUES(7,1,7);
INSERT INTO auth_group_permissions VALUES(8,1,8);
INSERT INTO auth_group_permissions VALUES(9,1,9);
INSERT INTO auth_group_permissions VALUES(10,1,10);
INSERT INTO auth_group_permissions VALUES(11,1,11);
INSERT INTO auth_group_permissions VALUES(12,1,12);
INSERT INTO auth_group_permissions VALUES(13,1,13);
INSERT INTO auth_group_permissions VALUES(14,1,14);
INSERT INTO auth_group_permissions VALUES(15,1,15);
INSERT INTO auth_group_permissions VALUES(16,1,16);
INSERT INTO auth_group_permissions VALUES(17,1,17);
INSERT INTO auth_group_permissions VALUES(18,1,18);
INSERT INTO auth_group_permissions VALUES(19,1,19);
INSERT INTO auth_group_permissions VALUES(20,1,20);
INSERT INTO auth_group_permissions VALUES(21,1,21);
INSERT INTO auth_group_permissions VALUES(22,1,22);
INSERT INTO auth_group_permissions VALUES(23,1,23);
INSERT INTO auth_group_permissions VALUES(24,1,24);
INSERT INTO auth_group_permissions VALUES(25,1,25);
INSERT INTO auth_group_permissions VALUES(26,1,26);
INSERT INTO auth_group_permissions VALUES(27,1,27);
INSERT INTO auth_group_permissions VALUES(28,1,28);
INSERT INTO auth_group_permissions VALUES(29,1,29);
INSERT INTO auth_group_permissions VALUES(30,1,30);
INSERT INTO auth_group_permissions VALUES(31,1,31);
INSERT INTO auth_group_permissions VALUES(32,1,32);
INSERT INTO auth_group_permissions VALUES(33,1,33);
INSERT INTO auth_group_permissions VALUES(34,1,34);
INSERT INTO auth_group_permissions VALUES(35,1,35);
INSERT INTO auth_group_permissions VALUES(36,1,36);
INSERT INTO auth_group_permissions VALUES(37,1,37);
INSERT INTO auth_group_permissions VALUES(38,1,38);
INSERT INTO auth_group_permissions VALUES(39,1,39);
INSERT INTO auth_group_permissions VALUES(40,1,40);
INSERT INTO auth_group_permissions VALUES(41,1,41);
INSERT INTO auth_group_permissions VALUES(42,1,42);
INSERT INTO auth_group_permissions VALUES(43,1,43);
INSERT INTO auth_group_permissions VALUES(44,1,44);
INSERT INTO auth_group_permissions VALUES(45,1,45);
INSERT INTO auth_group_permissions VALUES(46,1,46);
INSERT INTO auth_group_permissions VALUES(47,1,47);
INSERT INTO auth_group_permissions VALUES(48,1,48);
INSERT INTO auth_group_permissions VALUES(49,1,49);
INSERT INTO auth_group_permissions VALUES(50,1,50);
INSERT INTO auth_group_permissions VALUES(51,1,51);
INSERT INTO auth_group_permissions VALUES(52,1,52);
INSERT INTO auth_group_permissions VALUES(53,1,53);
INSERT INTO auth_group_permissions VALUES(54,1,54);
INSERT INTO auth_group_permissions VALUES(55,1,55);
INSERT INTO auth_group_permissions VALUES(56,1,56);
INSERT INTO auth_group_permissions VALUES(57,1,57);
INSERT INTO auth_group_permissions VALUES(58,1,58);
INSERT INTO auth_group_permissions VALUES(59,1,59);
INSERT INTO auth_group_permissions VALUES(60,1,60);
INSERT INTO auth_group_permissions VALUES(61,1,61);
INSERT INTO auth_group_permissions VALUES(62,1,62);
INSERT INTO auth_group_permissions VALUES(63,1,63);
INSERT INTO auth_group_permissions VALUES(64,1,64);
INSERT INTO auth_group_permissions VALUES(65,1,65);
INSERT INTO auth_group_permissions VALUES(66,1,66);
INSERT INTO auth_group_permissions VALUES(67,1,67);
INSERT INTO auth_group_permissions VALUES(68,1,68);
INSERT INTO auth_group_permissions VALUES(69,1,69);
INSERT INTO auth_group_permissions VALUES(70,1,70);
INSERT INTO auth_group_permissions VALUES(71,1,71);
INSERT INTO auth_group_permissions VALUES(72,1,72);
INSERT INTO auth_group_permissions VALUES(73,1,73);
INSERT INTO auth_group_permissions VALUES(74,1,74);
INSERT INTO auth_group_permissions VALUES(75,1,75);
INSERT INTO auth_group_permissions VALUES(76,1,76);
INSERT INTO auth_group_permissions VALUES(77,1,77);
INSERT INTO auth_group_permissions VALUES(78,1,78);
INSERT INTO auth_group_permissions VALUES(79,1,79);
INSERT INTO auth_group_permissions VALUES(80,1,80);
INSERT INTO auth_group_permissions VALUES(81,1,81);
INSERT INTO auth_group_permissions VALUES(82,1,82);
INSERT INTO auth_group_permissions VALUES(83,1,83);
INSERT INTO auth_group_permissions VALUES(84,1,84);
INSERT INTO auth_group_permissions VALUES(85,1,85);
INSERT INTO auth_group_permissions VALUES(86,1,86);
INSERT INTO auth_group_permissions VALUES(87,1,87);
INSERT INTO auth_group_permissions VALUES(88,1,88);
INSERT INTO auth_group_permissions VALUES(89,2,24);
INSERT INTO auth_group_permissions VALUES(90,2,29);
INSERT INTO auth_group_permissions VALUES(91,2,30);
INSERT INTO auth_group_permissions VALUES(92,2,31);
INSERT INTO auth_group_permissions VALUES(93,2,32);
INSERT INTO auth_group_permissions VALUES(94,2,33);
INSERT INTO auth_group_permissions VALUES(95,2,34);
INSERT INTO auth_group_permissions VALUES(96,2,35);
INSERT INTO auth_group_permissions VALUES(97,2,36);
INSERT INTO auth_group_permissions VALUES(98,2,41);
INSERT INTO auth_group_permissions VALUES(99,2,42);
INSERT INTO auth_group_permissions VALUES(100,2,43);
INSERT INTO auth_group_permissions VALUES(101,2,44);
INSERT INTO auth_group_permissions VALUES(102,2,45);
INSERT INTO auth_group_permissions VALUES(103,2,46);
INSERT INTO auth_group_permissions VALUES(104,2,47);
INSERT INTO auth_group_permissions VALUES(105,2,48);
INSERT INTO auth_group_permissions VALUES(106,2,49);
INSERT INTO auth_group_permissions VALUES(107,2,50);
INSERT INTO auth_group_permissions VALUES(108,2,51);
INSERT INTO auth_group_permissions VALUES(109,2,52);
INSERT INTO auth_group_permissions VALUES(110,2,53);
INSERT INTO auth_group_permissions VALUES(111,2,54);
INSERT INTO auth_group_permissions VALUES(112,2,55);
INSERT INTO auth_group_permissions VALUES(113,2,56);
INSERT INTO auth_group_permissions VALUES(114,2,60);
INSERT INTO auth_group_permissions VALUES(115,2,77);
INSERT INTO auth_group_permissions VALUES(116,2,78);
INSERT INTO auth_group_permissions VALUES(117,2,79);
INSERT INTO auth_group_permissions VALUES(118,2,80);
INSERT INTO auth_group_permissions VALUES(119,3,8);
INSERT INTO auth_group_permissions VALUES(120,3,16);
INSERT INTO auth_group_permissions VALUES(121,3,20);
INSERT INTO auth_group_permissions VALUES(122,3,21);
INSERT INTO auth_group_permissions VALUES(123,3,22);
INSERT INTO auth_group_permissions VALUES(124,3,23);
INSERT INTO auth_group_permissions VALUES(125,3,24);
INSERT INTO auth_group_permissions VALUES(126,3,25);
INSERT INTO auth_group_permissions VALUES(127,3,26);
INSERT INTO auth_group_permissions VALUES(128,3,27);
INSERT INTO auth_group_permissions VALUES(129,3,28);
INSERT INTO auth_group_permissions VALUES(130,3,32);
INSERT INTO auth_group_permissions VALUES(131,3,36);
INSERT INTO auth_group_permissions VALUES(132,3,37);
INSERT INTO auth_group_permissions VALUES(133,3,38);
INSERT INTO auth_group_permissions VALUES(134,3,40);
INSERT INTO auth_group_permissions VALUES(135,3,44);
INSERT INTO auth_group_permissions VALUES(136,3,48);
INSERT INTO auth_group_permissions VALUES(137,3,52);
INSERT INTO auth_group_permissions VALUES(138,3,56);
INSERT INTO auth_group_permissions VALUES(139,3,57);
INSERT INTO auth_group_permissions VALUES(140,3,58);
INSERT INTO auth_group_permissions VALUES(141,3,59);
INSERT INTO auth_group_permissions VALUES(142,3,60);
INSERT INTO auth_group_permissions VALUES(143,3,61);
INSERT INTO auth_group_permissions VALUES(144,3,62);
INSERT INTO auth_group_permissions VALUES(145,3,63);
INSERT INTO auth_group_permissions VALUES(146,3,64);
INSERT INTO auth_group_permissions VALUES(147,3,65);
INSERT INTO auth_group_permissions VALUES(148,3,66);
INSERT INTO auth_group_permissions VALUES(149,3,67);
INSERT INTO auth_group_permissions VALUES(150,3,68);
INSERT INTO auth_group_permissions VALUES(151,3,69);
INSERT INTO auth_group_permissions VALUES(152,3,70);
INSERT INTO auth_group_permissions VALUES(153,3,71);
INSERT INTO auth_group_permissions VALUES(154,3,72);
INSERT INTO auth_group_permissions VALUES(155,3,76);
INSERT INTO auth_group_permissions VALUES(156,3,80);
INSERT INTO auth_group_permissions VALUES(157,3,81);
INSERT INTO auth_group_permissions VALUES(158,3,82);
INSERT INTO auth_group_permissions VALUES(159,3,83);
INSERT INTO auth_group_permissions VALUES(160,3,84);
INSERT INTO auth_group_permissions VALUES(161,3,85);
INSERT INTO auth_group_permissions VALUES(162,3,86);
INSERT INTO auth_group_permissions VALUES(163,3,87);
INSERT INTO auth_group_permissions VALUES(164,3,88);
CREATE TABLE IF NOT EXISTS "auth_user_groups" ("id" integer NOT NULL PRIMARY KEY AUTOINCREMENT, "user_id" integer NOT NULL REFERENCES "auth_user" ("id") DEFERRABLE INITIALLY DEFERRED, "group_id" integer NOT NULL REFERENCES "auth_group" ("id") DEFERRABLE INITIALLY DEFERRED);
CREATE TABLE IF NOT EXISTS "auth_user_user_permissions" ("id" integer NOT NULL PRIMARY KEY AUTOINCREMENT, "user_id" integer NOT NULL REFERENCES "auth_user" ("id") DEFERRABLE INITIALLY DEFERRED, "permission_id" integer NOT NULL REFERENCES "auth_permission" ("id") DEFERRABLE INITIALLY DEFERRED);
CREATE TABLE IF NOT EXISTS "django_admin_log" ("id" integer NOT NULL PRIMARY KEY AUTOINCREMENT, "object_id" text NULL, "object_repr" varchar(200) NOT NULL, "action_flag" smallint unsigned NOT NULL CHECK ("action_flag" >= 0), "change_message" text NOT NULL, "content_type_id" integer NULL REFERENCES "django_content_type" ("id") DEFERRABLE INITIALLY DEFERRED, "user_id" integer NOT NULL REFERENCES "auth_user" ("id") DEFERRABLE INITIALLY DEFERRED, "action_time" datetime NOT NULL);
INSERT INTO django_admin_log VALUES(15,'7','Tomas',3,'',10,5,'2024-11-01 14:51:40.382834');
INSERT INTO django_admin_log VALUES(16,'6','sousa',3,'',10,5,'2024-11-01 14:51:43.751057');
INSERT INTO django_admin_log VALUES(17,'5','americo',3,'',10,5,'2024-11-01 14:51:46.648574');
INSERT INTO django_admin_log VALUES(18,'4','rogerio',3,'',10,5,'2024-11-01 14:51:49.638986');
INSERT INTO django_admin_log VALUES(23,'3','Tomás',3,'',10,5,'2024-11-05 11:11:28.727116');
INSERT INTO django_admin_log VALUES(24,'4','afonso',3,'',10,5,'2024-11-05 11:11:32.296269');
INSERT INTO django_admin_log VALUES(25,'2','tomas',3,'',10,5,'2024-11-05 11:11:37.474620');
INSERT INTO django_admin_log VALUES(26,'6','teste',1,'[{"added": {}}]',10,5,'2024-11-05 11:12:19.671540');
INSERT INTO django_admin_log VALUES(27,'10','admin - 2024-11-06',3,'',16,5,'2024-11-06 13:59:08.706124');
INSERT INTO django_admin_log VALUES(28,'9','admin - 2024-11-06',3,'',16,5,'2024-11-06 13:59:11.563399');
INSERT INTO django_admin_log VALUES(29,'7','admin - 2024-11-06',3,'',16,5,'2024-11-06 13:59:13.903488');
INSERT INTO django_admin_log VALUES(30,'4','admin - 2024-11-06',3,'',16,5,'2024-11-06 13:59:17.120677');
INSERT INTO django_admin_log VALUES(31,'3','admin - 2024-11-06',3,'',16,5,'2024-11-06 13:59:20.173360');
INSERT INTO django_admin_log VALUES(32,'2','admin - 2024-11-06',3,'',16,5,'2024-11-06 13:59:22.614214');
INSERT INTO django_admin_log VALUES(33,'6','admin - 2024-11-06',3,'',16,5,'2024-11-06 13:59:25.347897');
INSERT INTO django_admin_log VALUES(34,'8','admin - 2024-11-06',3,'',16,5,'2024-11-06 13:59:28.325973');
INSERT INTO django_admin_log VALUES(35,'1','admin - 2024-11-06',3,'',16,5,'2024-11-06 13:59:31.021047');
INSERT INTO django_admin_log VALUES(36,'5','admin - 2024-11-06',3,'',16,5,'2024-11-06 13:59:34.107984');
INSERT INTO django_admin_log VALUES(37,'16','admin - 2024-11-06',3,'',16,5,'2024-11-06 14:14:54.409809');
INSERT INTO django_admin_log VALUES(38,'15','admin - 2024-11-06',3,'',16,5,'2024-11-06 14:14:57.261695');
INSERT INTO django_admin_log VALUES(39,'14','admin - 2024-11-06',3,'',16,5,'2024-11-06 14:14:59.579687');
INSERT INTO django_admin_log VALUES(40,'12','admin - 2024-11-06',3,'',16,5,'2024-11-06 14:15:01.826549');
INSERT INTO django_admin_log VALUES(41,'11','admin - 2024-11-06',3,'',16,5,'2024-11-06 14:15:05.153367');
INSERT INTO django_admin_log VALUES(42,'13','admin - 2024-11-06',3,'',16,5,'2024-11-06 14:15:07.875556');
INSERT INTO django_admin_log VALUES(43,'5','admin',2,'[{"changed": {"fields": ["User type"]}}]',10,5,'2024-11-08 19:43:52.752005');
INSERT INTO django_admin_log VALUES(44,'1','Damn Vinyl',2,'[]',9,5,'2024-11-08 20:16:05.130293');
INSERT INTO django_admin_log VALUES(45,'2','Good Kid Vinyl',2,'[]',9,5,'2024-11-08 20:16:09.465190');
INSERT INTO django_admin_log VALUES(46,'4','Led Zeppelin',2,'[{"changed": {"fields": ["Background image"]}}]',19,5,'2024-11-08 23:36:03.523360');
INSERT INTO django_admin_log VALUES(47,'3','The Beatles',2,'[{"changed": {"fields": ["Background image"]}}]',19,5,'2024-11-08 23:36:50.303195');
INSERT INTO django_admin_log VALUES(48,'2','Kendrick Lamar',2,'[{"changed": {"fields": ["Background image"]}}]',19,5,'2024-11-08 23:37:25.857838');
INSERT INTO django_admin_log VALUES(49,'1','Damn Vinyl',2,'[{"changed": {"fields": ["Company"]}}]',9,5,'2024-11-09 00:06:41.316468');
INSERT INTO django_admin_log VALUES(50,'11','1989',2,'[{"changed": {"fields": ["Category"]}}]',9,5,'2024-11-09 14:01:34.313929');
INSERT INTO django_admin_log VALUES(51,'37','',3,'',9,5,'2024-11-09 14:37:40.266005');
INSERT INTO django_admin_log VALUES(52,'36','sedfsfd',3,'',9,5,'2024-11-09 14:37:40.272509');
INSERT INTO django_admin_log VALUES(53,'33','sedfsfd',3,'',9,5,'2024-11-09 14:37:40.275861');
INSERT INTO django_admin_log VALUES(54,'32','sedfsfd',3,'',9,5,'2024-11-09 14:37:40.278516');
INSERT INTO django_admin_log VALUES(55,'31','sedfsfd',3,'',9,5,'2024-11-09 14:37:40.281323');
INSERT INTO django_admin_log VALUES(56,'30','sedfsfd',3,'',9,5,'2024-11-09 14:37:40.283639');
INSERT INTO django_admin_log VALUES(57,'28','TTPD',3,'',9,5,'2024-11-09 14:37:40.285889');
INSERT INTO django_admin_log VALUES(58,'27','TTPD',3,'',9,5,'2024-11-09 14:37:40.288237');
INSERT INTO django_admin_log VALUES(59,'26','TTPD',3,'',9,5,'2024-11-09 14:37:40.290935');
INSERT INTO django_admin_log VALUES(60,'25','TTPD',3,'',9,5,'2024-11-09 14:37:40.293417');
INSERT INTO django_admin_log VALUES(61,'24','TTPD',3,'',9,5,'2024-11-09 14:37:40.295953');
INSERT INTO django_admin_log VALUES(62,'23','ttpd',3,'',9,5,'2024-11-09 14:37:40.298550');
INSERT INTO django_admin_log VALUES(63,'22','ttpd',3,'',9,5,'2024-11-09 14:37:40.301165');
INSERT INTO django_admin_log VALUES(64,'21','ttpd',3,'',9,5,'2024-11-09 14:37:40.303860');
INSERT INTO django_admin_log VALUES(65,'20','ttpd',3,'',9,5,'2024-11-09 14:37:40.307044');
INSERT INTO django_admin_log VALUES(66,'19','ttpd',3,'',9,5,'2024-11-09 14:37:40.310070');
INSERT INTO django_admin_log VALUES(67,'18','ttpd',3,'',9,5,'2024-11-09 14:37:40.312979');
INSERT INTO django_admin_log VALUES(68,'17','ttpd',3,'',9,5,'2024-11-09 14:37:40.315646');
INSERT INTO django_admin_log VALUES(69,'16','ttpd',3,'',9,5,'2024-11-09 14:37:40.318459');
INSERT INTO django_admin_log VALUES(70,'15','ttpd',3,'',9,5,'2024-11-09 14:37:40.321223');
INSERT INTO django_admin_log VALUES(71,'14','1989',3,'',9,5,'2024-11-09 14:37:40.325089');
INSERT INTO django_admin_log VALUES(72,'13','1989',3,'',9,5,'2024-11-09 14:37:40.329049');
INSERT INTO django_admin_log VALUES(73,'12','1989',3,'',9,5,'2024-11-09 14:37:40.332726');
INSERT INTO django_admin_log VALUES(74,'11','1989',3,'',9,5,'2024-11-09 14:37:40.336308');
INSERT INTO django_admin_log VALUES(75,'10','VINLLLLLLLLLAS',3,'',9,5,'2024-11-09 14:37:40.340292');
INSERT INTO django_admin_log VALUES(76,'9','VINLLLLLLLLLAS',3,'',9,5,'2024-11-09 14:37:40.343979');
INSERT INTO django_admin_log VALUES(77,'1','admin',1,'[{"added": {}}]',3,5,'2024-11-09 20:07:03.518517');
INSERT INTO django_admin_log VALUES(78,'2','company',1,'[{"added": {}}]',3,5,'2024-11-09 20:11:07.419391');
INSERT INTO django_admin_log VALUES(79,'3','client',1,'[{"added": {}}]',3,5,'2024-11-09 20:12:36.243222');
INSERT INTO django_admin_log VALUES(80,'16','alof04',2,'[{"changed": {"fields": ["Company"]}}]',10,5,'2024-11-09 22:18:03.728150');
INSERT INTO django_admin_log VALUES(81,'16','alof04',2,'[]',10,5,'2024-11-09 22:25:27.475500');
INSERT INTO django_admin_log VALUES(82,'16','alof04',2,'[{"changed": {"fields": ["User type"]}}]',10,5,'2024-11-09 22:25:45.509100');
INSERT INTO django_admin_log VALUES(83,'1','Taylor Swift',2,'[{"changed": {"fields": ["Background image"]}}]',19,5,'2024-11-09 22:41:52.990392');
INSERT INTO django_admin_log VALUES(84,'40','',3,'',9,5,'2024-11-09 23:31:20.560211');
INSERT INTO django_admin_log VALUES(85,'39','',3,'',9,5,'2024-11-09 23:31:20.565325');
INSERT INTO django_admin_log VALUES(86,'38','',3,'',9,5,'2024-11-09 23:31:20.567847');
INSERT INTO django_admin_log VALUES(87,'4','Led Zeppelin',2,'[{"changed": {"fields": ["Background image"]}}]',19,5,'2024-11-10 16:37:07.298810');
INSERT INTO django_admin_log VALUES(88,'5','Beyoncé',2,'[{"changed": {"fields": ["Image", "Background image"]}}]',19,5,'2024-11-10 16:39:21.425723');
INSERT INTO django_admin_log VALUES(89,'5','Beyoncé',2,'[{"changed": {"fields": ["Background image"]}}]',19,5,'2024-11-10 16:40:10.085468');
INSERT INTO django_admin_log VALUES(90,'5','Beyoncé',2,'[{"changed": {"fields": ["Background image"]}}]',19,5,'2024-11-10 16:40:53.797751');
INSERT INTO django_admin_log VALUES(91,'66','Caneca MILVECES',2,'[{"changed": {"fields": ["Name", "Description"]}}]',9,5,'2024-11-10 17:05:42.451964');
INSERT INTO django_admin_log VALUES(92,'114','StarBoy CD',3,'',9,5,'2024-11-10 20:26:54.700524');
INSERT INTO django_admin_log VALUES(93,'113','The Weekend T-shirt',3,'',9,5,'2024-11-10 20:26:54.703617');
INSERT INTO django_admin_log VALUES(94,'112','Poster The Weekend',3,'',9,5,'2024-11-10 20:26:54.707543');
INSERT INTO django_admin_log VALUES(95,'111','After Hours Vinil',3,'',9,5,'2024-11-10 20:26:54.710932');
INSERT INTO django_admin_log VALUES(96,'118','StarBoy CD',3,'',9,5,'2024-11-10 20:29:03.468188');
INSERT INTO django_admin_log VALUES(97,'117','The Weekend T-shirt',3,'',9,5,'2024-11-10 20:29:03.471407');
INSERT INTO django_admin_log VALUES(98,'116','Poster The Weekend',3,'',9,5,'2024-11-10 20:29:03.473869');
INSERT INTO django_admin_log VALUES(99,'115','After Hours Vinil',3,'',9,5,'2024-11-10 20:29:03.476204');
INSERT INTO django_admin_log VALUES(100,'122','StarBoy CD',3,'',9,5,'2024-11-10 20:30:10.241825');
INSERT INTO django_admin_log VALUES(101,'121','The Weekend T-shirt',3,'',9,5,'2024-11-10 20:30:10.245479');
INSERT INTO django_admin_log VALUES(102,'120','Poster The Weekend',3,'',9,5,'2024-11-10 20:30:10.248158');
INSERT INTO django_admin_log VALUES(103,'119','After Hours Vinil',3,'',9,5,'2024-11-10 20:30:10.250811');
CREATE TABLE IF NOT EXISTS "app_clothing" ("product_ptr_id" integer NOT NULL PRIMARY KEY REFERENCES "app_product" ("id") DEFERRABLE INITIALLY DEFERRED, "color" varchar(50) NOT NULL);
INSERT INTO app_clothing VALUES(5,'Black');
INSERT INTO app_clothing VALUES(6,'White');
INSERT INTO app_clothing VALUES(50,'Azul');
INSERT INTO app_clothing VALUES(62,'Black');
INSERT INTO app_clothing VALUES(84,'Preto');
INSERT INTO app_clothing VALUES(96,'Preto');
INSERT INTO app_clothing VALUES(100,'Preta');
INSERT INTO app_clothing VALUES(103,'Branco');
INSERT INTO app_clothing VALUES(104,'Preto');
INSERT INTO app_clothing VALUES(106,'Branco');
INSERT INTO app_clothing VALUES(110,'Preto');
INSERT INTO app_clothing VALUES(125,'Preto');
INSERT INTO app_clothing VALUES(133,'Preto');
INSERT INTO app_clothing VALUES(139,'Branco');
INSERT INTO app_clothing VALUES(145,'Preto');
INSERT INTO app_clothing VALUES(149,'Black');
CREATE TABLE IF NOT EXISTS "app_cartitem" ("id" integer NOT NULL PRIMARY KEY AUTOINCREMENT, "quantity" integer NOT NULL, "cart_id" integer NOT NULL REFERENCES "app_cart" ("id") DEFERRABLE INITIALLY DEFERRED, "product_id" integer NOT NULL REFERENCES "app_product" ("id") DEFERRABLE INITIALLY DEFERRED, "size_id" bigint NULL REFERENCES "app_size" ("id") DEFERRABLE INITIALLY DEFERRED);
INSERT INTO app_cartitem VALUES(23,1,12,48,NULL);
INSERT INTO app_cartitem VALUES(24,1,18,2,NULL);
INSERT INTO app_cartitem VALUES(25,1,19,97,NULL);
INSERT INTO app_cartitem VALUES(26,1,19,2,NULL);
INSERT INTO app_cartitem VALUES(27,1,20,2,NULL);
INSERT INTO app_cartitem VALUES(28,4,21,2,NULL);
CREATE TABLE IF NOT EXISTS "django_content_type" ("id" integer NOT NULL PRIMARY KEY AUTOINCREMENT, "app_label" varchar(100) NOT NULL, "model" varchar(100) NOT NULL);
INSERT INTO django_content_type VALUES(1,'admin','logentry');
INSERT INTO django_content_type VALUES(2,'auth','permission');
INSERT INTO django_content_type VALUES(3,'auth','group');
INSERT INTO django_content_type VALUES(4,'auth','user');
INSERT INTO django_content_type VALUES(5,'contenttypes','contenttype');
INSERT INTO django_content_type VALUES(6,'sessions','session');
INSERT INTO django_content_type VALUES(7,'app','cart');
INSERT INTO django_content_type VALUES(8,'app','company');
INSERT INTO django_content_type VALUES(9,'app','product');
INSERT INTO django_content_type VALUES(10,'app','user');
INSERT INTO django_content_type VALUES(11,'app','accessory');
INSERT INTO django_content_type VALUES(12,'app','cd');
INSERT INTO django_content_type VALUES(13,'app','clothing');
INSERT INTO django_content_type VALUES(14,'app','vinil');
INSERT INTO django_content_type VALUES(15,'app','review');
INSERT INTO django_content_type VALUES(16,'app','purchase');
INSERT INTO django_content_type VALUES(17,'app','favorite');
INSERT INTO django_content_type VALUES(18,'app','cartitem');
INSERT INTO django_content_type VALUES(19,'app','artist');
INSERT INTO django_content_type VALUES(20,'app','size');
INSERT INTO django_content_type VALUES(21,'app','purchaseproduct');
INSERT INTO django_content_type VALUES(22,'app','favoriteartist');
INSERT INTO django_content_type VALUES(23,'app','favoritecompany');
CREATE TABLE IF NOT EXISTS "auth_permission" ("id" integer NOT NULL PRIMARY KEY AUTOINCREMENT, "content_type_id" integer NOT NULL REFERENCES "django_content_type" ("id") DEFERRABLE INITIALLY DEFERRED, "codename" varchar(100) NOT NULL, "name" varchar(255) NOT NULL);
INSERT INTO auth_permission VALUES(1,1,'add_logentry','Can add log entry');
INSERT INTO auth_permission VALUES(2,1,'change_logentry','Can change log entry');
INSERT INTO auth_permission VALUES(3,1,'delete_logentry','Can delete log entry');
INSERT INTO auth_permission VALUES(4,1,'view_logentry','Can view log entry');
INSERT INTO auth_permission VALUES(5,2,'add_permission','Can add permission');
INSERT INTO auth_permission VALUES(6,2,'change_permission','Can change permission');
INSERT INTO auth_permission VALUES(7,2,'delete_permission','Can delete permission');
INSERT INTO auth_permission VALUES(8,2,'view_permission','Can view permission');
INSERT INTO auth_permission VALUES(9,3,'add_group','Can add group');
INSERT INTO auth_permission VALUES(10,3,'change_group','Can change group');
INSERT INTO auth_permission VALUES(11,3,'delete_group','Can delete group');
INSERT INTO auth_permission VALUES(12,3,'view_group','Can view group');
INSERT INTO auth_permission VALUES(13,4,'add_user','Can add user');
INSERT INTO auth_permission VALUES(14,4,'change_user','Can change user');
INSERT INTO auth_permission VALUES(15,4,'delete_user','Can delete user');
INSERT INTO auth_permission VALUES(16,4,'view_user','Can view user');
INSERT INTO auth_permission VALUES(17,5,'add_contenttype','Can add content type');
INSERT INTO auth_permission VALUES(18,5,'change_contenttype','Can change content type');
INSERT INTO auth_permission VALUES(19,5,'delete_contenttype','Can delete content type');
INSERT INTO auth_permission VALUES(20,5,'view_contenttype','Can view content type');
INSERT INTO auth_permission VALUES(21,6,'add_session','Can add session');
INSERT INTO auth_permission VALUES(22,6,'change_session','Can change session');
INSERT INTO auth_permission VALUES(23,6,'delete_session','Can delete session');
INSERT INTO auth_permission VALUES(24,6,'view_session','Can view session');
INSERT INTO auth_permission VALUES(25,7,'add_cart','Can add cart');
INSERT INTO auth_permission VALUES(26,7,'change_cart','Can change cart');
INSERT INTO auth_permission VALUES(27,7,'delete_cart','Can delete cart');
INSERT INTO auth_permission VALUES(28,7,'view_cart','Can view cart');
INSERT INTO auth_permission VALUES(29,8,'add_company','Can add company');
INSERT INTO auth_permission VALUES(30,8,'change_company','Can change company');
INSERT INTO auth_permission VALUES(31,8,'delete_company','Can delete company');
INSERT INTO auth_permission VALUES(32,8,'view_company','Can view company');
INSERT INTO auth_permission VALUES(33,9,'add_product','Can add product');
INSERT INTO auth_permission VALUES(34,9,'change_product','Can change product');
INSERT INTO auth_permission VALUES(35,9,'delete_product','Can delete product');
INSERT INTO auth_permission VALUES(36,9,'view_product','Can view product');
INSERT INTO auth_permission VALUES(37,10,'add_user','Can add user');
INSERT INTO auth_permission VALUES(38,10,'change_user','Can change user');
INSERT INTO auth_permission VALUES(39,10,'delete_user','Can delete user');
INSERT INTO auth_permission VALUES(40,10,'view_user','Can view user');
INSERT INTO auth_permission VALUES(41,11,'add_accessory','Can add accessory');
INSERT INTO auth_permission VALUES(42,11,'change_accessory','Can change accessory');
INSERT INTO auth_permission VALUES(43,11,'delete_accessory','Can delete accessory');
INSERT INTO auth_permission VALUES(44,11,'view_accessory','Can view accessory');
INSERT INTO auth_permission VALUES(45,12,'add_cd','Can add cd');
INSERT INTO auth_permission VALUES(46,12,'change_cd','Can change cd');
INSERT INTO auth_permission VALUES(47,12,'delete_cd','Can delete cd');
INSERT INTO auth_permission VALUES(48,12,'view_cd','Can view cd');
INSERT INTO auth_permission VALUES(49,13,'add_clothing','Can add clothing');
INSERT INTO auth_permission VALUES(50,13,'change_clothing','Can change clothing');
INSERT INTO auth_permission VALUES(51,13,'delete_clothing','Can delete clothing');
INSERT INTO auth_permission VALUES(52,13,'view_clothing','Can view clothing');
INSERT INTO auth_permission VALUES(53,14,'add_vinil','Can add vinil');
INSERT INTO auth_permission VALUES(54,14,'change_vinil','Can change vinil');
INSERT INTO auth_permission VALUES(55,14,'delete_vinil','Can delete vinil');
INSERT INTO auth_permission VALUES(56,14,'view_vinil','Can view vinil');
INSERT INTO auth_permission VALUES(57,15,'add_review','Can add review');
INSERT INTO auth_permission VALUES(58,15,'change_review','Can change review');
INSERT INTO auth_permission VALUES(59,15,'delete_review','Can delete review');
INSERT INTO auth_permission VALUES(60,15,'view_review','Can view review');
INSERT INTO auth_permission VALUES(61,16,'add_purchase','Can add purchase');
INSERT INTO auth_permission VALUES(62,16,'change_purchase','Can change purchase');
INSERT INTO auth_permission VALUES(63,16,'delete_purchase','Can delete purchase');
INSERT INTO auth_permission VALUES(64,16,'view_purchase','Can view purchase');
INSERT INTO auth_permission VALUES(65,17,'add_favorite','Can add favorite');
INSERT INTO auth_permission VALUES(66,17,'change_favorite','Can change favorite');
INSERT INTO auth_permission VALUES(67,17,'delete_favorite','Can delete favorite');
INSERT INTO auth_permission VALUES(68,17,'view_favorite','Can view favorite');
INSERT INTO auth_permission VALUES(69,18,'add_cartitem','Can add cart item');
INSERT INTO auth_permission VALUES(70,18,'change_cartitem','Can change cart item');
INSERT INTO auth_permission VALUES(71,18,'delete_cartitem','Can delete cart item');
INSERT INTO auth_permission VALUES(72,18,'view_cartitem','Can view cart item');
INSERT INTO auth_permission VALUES(73,19,'add_artist','Can add artist');
INSERT INTO auth_permission VALUES(74,19,'change_artist','Can change artist');
INSERT INTO auth_permission VALUES(75,19,'delete_artist','Can delete artist');
INSERT INTO auth_permission VALUES(76,19,'view_artist','Can view artist');
INSERT INTO auth_permission VALUES(77,20,'add_size','Can add size');
INSERT INTO auth_permission VALUES(78,20,'change_size','Can change size');
INSERT INTO auth_permission VALUES(79,20,'delete_size','Can delete size');
INSERT INTO auth_permission VALUES(80,20,'view_size','Can view size');
INSERT INTO auth_permission VALUES(81,21,'add_purchaseproduct','Can add purchase product');
INSERT INTO auth_permission VALUES(82,21,'change_purchaseproduct','Can change purchase product');
INSERT INTO auth_permission VALUES(83,21,'delete_purchaseproduct','Can delete purchase product');
INSERT INTO auth_permission VALUES(84,21,'view_purchaseproduct','Can view purchase product');
INSERT INTO auth_permission VALUES(85,22,'add_favoriteartist','Can add favorite artist');
INSERT INTO auth_permission VALUES(86,22,'change_favoriteartist','Can change favorite artist');
INSERT INTO auth_permission VALUES(87,22,'delete_favoriteartist','Can delete favorite artist');
INSERT INTO auth_permission VALUES(88,22,'view_favoriteartist','Can view favorite artist');
INSERT INTO auth_permission VALUES(89,23,'add_favoritecompany','Can add favorite company');
INSERT INTO auth_permission VALUES(90,23,'change_favoritecompany','Can change favorite company');
INSERT INTO auth_permission VALUES(91,23,'delete_favoritecompany','Can delete favorite company');
INSERT INTO auth_permission VALUES(92,23,'view_favoritecompany','Can view favorite company');
CREATE TABLE IF NOT EXISTS "auth_group" ("id" integer NOT NULL PRIMARY KEY AUTOINCREMENT, "name" varchar(150) NOT NULL UNIQUE);
INSERT INTO auth_group VALUES(1,'admin');
INSERT INTO auth_group VALUES(2,'company');
INSERT INTO auth_group VALUES(3,'client');
CREATE TABLE IF NOT EXISTS "auth_user" ("id" integer NOT NULL PRIMARY KEY AUTOINCREMENT, "password" varchar(128) NOT NULL, "last_login" datetime NULL, "is_superuser" bool NOT NULL, "username" varchar(150) NOT NULL UNIQUE, "last_name" varchar(150) NOT NULL, "email" varchar(254) NOT NULL, "is_staff" bool NOT NULL, "is_active" bool NOT NULL, "date_joined" datetime NOT NULL, "first_name" varchar(150) NOT NULL);
INSERT INTO auth_user VALUES(1,'pbkdf2_sha256$870000$jOGEbJP11pnJFuBEHsQYen$cKNyyHu/X7cgNCRPiixzBrPSD2PGPkDkBSoZKXNOjWM=','2024-10-24 22:04:13.898101',0,'merchify','','tomasbras@ua.pt',1,1,'2024-10-23 23:09:44','');
INSERT INTO auth_user VALUES(2,'pbkdf2_sha256$600000$0Mm9pKQImj0H7vBfqZKXg1$hkltLkC5nHOZt/UYVYN/yXsYbc3E55foNYhr0jhS2EU=',NULL,0,'Joana','Almeida','joanaalmeida@gmail.com',0,1,'2024-10-23 23:15:01','Joana');
INSERT INTO auth_user VALUES(3,'pbkdf2_sha256$600000$D0HAaw7tt1DP2ccyCHNl5O$8EdMMtWMywqOaQhArpPThFNAwQDG88dchzFBKjzm9Lk=',NULL,0,'vinilPT','','',0,1,'2024-10-23 23:15:31.849442','');
INSERT INTO auth_user VALUES(4,'pbkdf2_sha256$870000$SIV0gpT7W8jAxtTZ6z18Yc$oATvkmVW1qIdHs4RcHOcBxDfJywQgX/Pu4J1IACuFDM=','2024-11-01 20:20:52.252678',1,'Rogério','António','RogerioAntonio@gmail.com',1,1,'2024-10-23 23:16:15','Rogério');
INSERT INTO auth_user VALUES(5,'pbkdf2_sha256$600000$tFuyboR8pQXASqOPjvx6qb$hSlote6u24hPILTuLkKAc6HaLZXlHlb41ueubBINSbE=','2024-11-01 15:06:41.884390',1,'tomas','','',1,1,'2024-11-01 14:51:14.445820','');
INSERT INTO auth_user VALUES(6,'pbkdf2_sha256$600000$8qnqSgXHbqHTi5q48yCC1k$K8nEN5qVQPYNzEQ+eLmnsM4GSCHtGQdedctvJvLfIcQ=','2024-11-01 15:31:47.242451',0,'oioi','','',0,1,'2024-11-01 15:22:11.883435','');
INSERT INTO auth_user VALUES(7,'pbkdf2_sha256$600000$UtQalxmaC0S0awesGPhDEs$sgPTlleViriHq6yUfKabL9HnQ5g0KJrkBiZH/nVk62g=','2024-11-01 15:50:03.593874',0,'olaola','','olaola@gmail.com',0,1,'2024-11-01 15:50:03.301770','');
INSERT INTO auth_user VALUES(8,'pbkdf2_sha256$600000$3aCDi5ZDq939N623JRFDuQ$xjbTUEwVp5+C4vr9bDUv+/N9h65Jvgrgo2WpgWbuqBU=','2024-11-01 15:52:13.174598',0,'Susana','','SusanaSousa@gmail.com',0,1,'2024-11-01 15:52:12.798875','');
INSERT INTO auth_user VALUES(9,'pbkdf2_sha256$600000$ilWEpjBJoRRu7A0XhLbcQS$TlwLPa5sskevPSjzwaNhk4Ci30oUlRLr9L48tnLXHys=','2024-11-01 16:03:38.585371',0,'Afonso','','AfonsoF@gmial.com',0,1,'2024-11-01 15:55:40.325700','');
CREATE TABLE IF NOT EXISTS "django_session" ("session_key" varchar(40) NOT NULL PRIMARY KEY, "session_data" text NOT NULL, "expire_date" datetime NOT NULL);
INSERT INTO django_session VALUES('x20d4rkf7i9oqjcmd5zkpkt0p2xn49m7','.eJxVjMsOgjAQRf-la9PM2AfUpXu-oZlhBkFNSSisjP-uJCx0e88592UybeuYt6pLnsRcDJrT78bUP7TsQO5UbrPt57IuE9tdsQettptFn9fD_TsYqY7f2sU4SIvSADEQceMSNIHi2YUBXGRJbfRI6JNzCIMKMLZRwWvQkJDN-wPNfzcx:1t3kXs:mcEPZB7_eqm4JdFAvycybQSwLFfn-EIDW_shpJPcSis','2024-11-06 23:13:40.360631');
INSERT INTO django_session VALUES('vsmvab50y5jpj7j7bc72b13rbbn13a1w','e30:1t6ts2:5LBmkCIbgCHeGhGaLAISRfJKmZBirEzvoAThb7X-ikE','2024-11-15 15:47:30.657891');
INSERT INTO django_session VALUES('xru3n77munqp9xeevpgddm2510p7bu8v','.eJxVjDsOwjAQBe_iGlnJxl9K-pzB2vXaOIAcKU4qxN1JpBTQvpl5bxFwW0vYWlrCxOIqenH53QjjM9UD8APrfZZxrusykTwUedImx5nT63a6fwcFW9nrbDh7zz5FR0TO2kQaBgWdIzAQrXUKDHsFFjVgn4j04Gw0mTrWuyU-X-6eN7Y:1t7Fby:jkWmPn8Kp2s8aB-bQCVYTZ36LcZvNIyRrVs-mtTqBgQ','2024-11-16 15:00:22.600617');
INSERT INTO django_session VALUES('13bhwcfowwnp6ut91r01dg4eejs6j7ym','e30:1t7OCN:Q9TmIinRxwXxJSVV_7QADHa_k0yqN8iwp9jo1HGBpkA','2024-11-17 00:10:31.967522');
INSERT INTO django_session VALUES('vtlgrtmph4a6rlgj6re9384kyhuk58d6','.eJxVjDEOwyAQBP9CHaEzBmNSpvcbEHccwUkEkrGrKH-PLblImi12ZvctfNjW7LfGi5-juAojLr8dBnpyOUB8hHKvkmpZlxnlociTNjnVyK_b6f4d5NDyviZLnQbbKxPQdRw4cdLEA8CAFoxVIxsATMpoNoodJqsBRwe0h4NefL7n0jej:1t8JoN:dTADkLmbgqC4eEM3HqBDMqurr1RuHUvkYZ4PeIv9tHg','2024-11-19 13:41:35.123826');
INSERT INTO django_session VALUES('iak9hcflnkvt1vi1bazdyd2yk0awtr2y','.eJxVjrEOgzAQQ_8lM4oOEqBh7N5viI67A9KiBBGYqv57QWJoR9vPlt_K475Nfs-y-sCqU6VRxa_ZI70kngk_MY5JU4rbGnp9IvpKs34klvl-sX8DE-bpaFMtpRuwJVO1bKqqBhDjLIE4LgkQnO1LZ1nYtoQO4JAGhgFuWHFj5RjNU1iWEEdPKW-qazQUikOmtMfN47LMQY6fA85ZPl846kf9:1t9CwG:oDFabxVjLDwkQHEL1iwY93gKGhzd5I6eFtkGTZc_6Gc','2024-11-22 00:33:24.782914');
INSERT INTO django_session VALUES('83tev45nopjvehusr8pcix9zh3jlst63','.eJxVTksKwjAUvEvWEprWl7Qu3XsCkZD3ia2WFPpRRLy7KXShm4H5Mm_lwzK3fplk9B2rgzJW7X5FDHSXtDp8C-k6aBrSPHao14je3EmfBpb-uGX_BtowtbntuGn2EaqIaAsoYkZkMaWphNFZAy5aRwhETVVnGpEDUl3HEkwAWF-NQpLm_uUfnTwlXzrD5fMFSnBAUA:1t9wwB:Uc6Y0Vd7XdWN-RY91Nn9SXS5rL9ZNtwKsxSzWlF8cjk','2024-11-24 01:40:23.012812');
INSERT INTO django_session VALUES('1kzwuzj8p0gyqehjxi4e19rp2zk9hkk5','eyJyZWNlbnRseV92aWV3ZWQiOls1MCw0Nyw0OF19:1tA5WK:f2Vg-dW5LP9bBMME0YWo3IhRFJIcCxB2yvjgXtOxvhE','2024-11-24 10:50:16.368638');
INSERT INTO django_session VALUES('gti0uy27fyhkc0h52k5thencw8vysxdm','e30:1tA5WT:iUQQML2JpOwvW7ScIW2t_KdQtOlNKuGD4JhBiSZeEl0','2024-11-24 10:50:25.903741');
INSERT INTO django_session VALUES('u0qssj237piqm3y0u2y1ijxtfo6bule9','.eJxVjssKwjAURP8l61DyuGlSl-79ApFwk9zYakmhD0XEf7eFLnQ7Z-Ywb-ZxmVu_TDT6LrEDM4z_ZgHjncoG0g3LdajiUOaxC9VWqXY6VachUX_cu3-CFqd2XQsjrFRgMDsibZMwUmtjpUOFTaxdgpxiHXSjMUtjkpWgQIZcQ5YYolilI0Uqc__yj46etF46Q8PBcnBcXT5fHEdBCA:1tA6Ro:mQvM4U6LzQn_CJvvctl3Q6bpwe_KrsSiAokeTfmdl0Y','2024-11-24 11:49:40.128371');
INSERT INTO django_session VALUES('aph4cq48lmmbcwxdiy3xs1svs4yex1p4','.eJxVjDsOwjAQBe_iGlmxvf5R0ucM0cbexQHkSHFSIe6OLKWA9s3Me4sJj71MR6NtWrK4Cisuv9uM6Um1g_zAel9lWuu-LbPsijxpk-Oa6XU73b-Dgq302vnoB7I2qKCZySvPEDErwtlBZM7agjUGkkuaIRsenPUBHaAZIJD4fAHdkTeR:1tAEWC:2JxJ1gZktdxtFUkVqR0KDxHaLUzE_qsHJSr8zRGqkJI','2024-11-24 20:26:44.990706');
INSERT INTO django_session VALUES('co5yi40ev5o12e86r468rpgzukanoabp','.eJxVjMsOgjAQRf-la9IAnb5cuucLjGmGdkZQUhIeGmP8dyVhw_acc-9HTBQpL8M7PHt6URKni_aFd9dCBFyXLqwzTaH_c6HFgbUYH5Q3ke6Yb6OMY16mvpVbInc7y2ZMNJz39nDQ4dxta2O9LUlrV7mamWxlGTymirA14JlTrUErBdHEmiEpLo22Dg2gKsGR-P4ANGdARw:1tAFmk:TQdI3HGsJMicFHwmzdLL5CbY_gJSNalEtEIdZ8GdXCU','2024-11-24 21:47:54.088025');
INSERT INTO django_session VALUES('qhxy4xorx7gaghm971rm9jov3wrxx9k9','.eJxVjssKwjAURP8lawm9t6Y2Lt37BSIhuZnaqqTQhyLiv5tCF7o9M3OYt3J-nlo3jxhcF9VeUaU2vzB4uSEtSbz6dOm19GkauqCXil7TUR_7iPth7f4JWj-2eY0dgeO2ZlMwxRBtWRgWW1iyqGxg3zQVREpmLByGGiFPBrbMi9pk6QBBmu4v9-jwRL504vPnCx3NP4A:1tAHWM:vZOEzW1cTM1zIm26B9FvfsmiF4e1EZj81oKjn-tnIW8','2024-11-24 23:39:06.584755');
INSERT INTO django_session VALUES('g7w0iotpkkeyoh49nu9rwywlpf1b7c93','.eJxVjkEKwjAURO-SdQlp2rRpl-49gUj4zf-10ZKUJlFEvLsWBHWWM4_HPJiBnCaTI63GIetZJVnxWw5gL-S3Bc_gT4Hb4NPqBr4h_LNGvg9I8-7D_gkmiNPmbWuUGmgUDVGpoBsHqGsUo1aiRd0prKrSKqklNiSU0gJsVbdtZ8cBhYS3dCVLPs13c3V0o_elgzwWLE5uWZw_GRtiYr0oGLpoQ_bJwLLMbgPTmumnv8KcifWq5F0jvimfL4krWRs:1tASS4:nKIuGoFvHtz_P2hKECQCsTiu9u_29kr_Nnatovbkc78','2024-11-25 11:19:24.710321');
INSERT INTO django_session VALUES('479qvho7mg8uesd5gcg7xdzuo1m5268d','.eJxVjMsOwiAQRf-FtSEwZXi4dO83kBmgUjU0Ke3K-O_apAvd3nPOfYlI21rj1ssSpyzOAsXpd2NKj9J2kO_UbrNMc1uXieWuyIN2eZ1zeV4O9--gUq_f2hcCVkyDd84iGdJegTU8hhAYNSdIDGMmg8oheqU1weCtNRkMeAji_QHX0jba:1tASnf:2fy-VHhG65xdZ0V9a4GiOZibqdSjmaBMvRtKYr0vrm0','2024-11-25 11:41:43.029577');
CREATE TABLE IF NOT EXISTS "app_size" ("id" integer NOT NULL PRIMARY KEY AUTOINCREMENT, "size" varchar(50) NOT NULL, "stock" integer NOT NULL, "clothing_id" integer NOT NULL REFERENCES "app_clothing" ("product_ptr_id") DEFERRABLE INITIALLY DEFERRED);
INSERT INTO app_size VALUES(1,'L',41,5);
INSERT INTO app_size VALUES(2,'M',19,6);
INSERT INTO app_size VALUES(3,'S',15,5);
INSERT INTO app_size VALUES(4,'S',20,50);
INSERT INTO app_size VALUES(5,'M',25,50);
INSERT INTO app_size VALUES(6,'L',30,50);
INSERT INTO app_size VALUES(13,'S',20,62);
INSERT INTO app_size VALUES(14,'M',30,62);
INSERT INTO app_size VALUES(15,'L',40,62);
INSERT INTO app_size VALUES(34,'S',25,84);
INSERT INTO app_size VALUES(35,'M',35,84);
INSERT INTO app_size VALUES(36,'L',40,84);
INSERT INTO app_size VALUES(46,'M',20,96);
INSERT INTO app_size VALUES(47,'S',25,96);
INSERT INTO app_size VALUES(48,'L',30,96);
INSERT INTO app_size VALUES(49,'S',15,100);
INSERT INTO app_size VALUES(50,'M',20,100);
INSERT INTO app_size VALUES(51,'L',25,100);
INSERT INTO app_size VALUES(52,'S',20,103);
INSERT INTO app_size VALUES(53,'M',25,103);
INSERT INTO app_size VALUES(54,'XL',30,103);
INSERT INTO app_size VALUES(55,'XS',20,104);
INSERT INTO app_size VALUES(56,'S',25,104);
INSERT INTO app_size VALUES(57,'L',30,104);
INSERT INTO app_size VALUES(58,'M',25,106);
INSERT INTO app_size VALUES(59,'S',30,106);
INSERT INTO app_size VALUES(60,'L',35,106);
INSERT INTO app_size VALUES(61,'XS',20,110);
INSERT INTO app_size VALUES(62,'S',25,110);
INSERT INTO app_size VALUES(63,'L',30,110);
INSERT INTO app_size VALUES(73,'S',20,125);
INSERT INTO app_size VALUES(74,'M',25,125);
INSERT INTO app_size VALUES(75,'XL',30,125);
INSERT INTO app_size VALUES(79,'S',20,133);
INSERT INTO app_size VALUES(80,'M',25,133);
INSERT INTO app_size VALUES(81,'XL',30,133);
INSERT INTO app_size VALUES(82,'S',20,139);
INSERT INTO app_size VALUES(83,'M',25,139);
INSERT INTO app_size VALUES(84,'XL',30,139);
INSERT INTO app_size VALUES(88,'S',20,145);
INSERT INTO app_size VALUES(89,'M',25,145);
INSERT INTO app_size VALUES(90,'XL',30,145);
INSERT INTO app_size VALUES(91,'S',20,149);
INSERT INTO app_size VALUES(92,'M',30,149);
INSERT INTO app_size VALUES(93,'L',40,149);
CREATE TABLE IF NOT EXISTS "app_accessory" ("product_ptr_id" integer NOT NULL PRIMARY KEY REFERENCES "app_product" ("id") DEFERRABLE INITIALLY DEFERRED, "material" varchar(50) NOT NULL, "color" varchar(50) NOT NULL, "size" varchar(50) NOT NULL, "stock" integer NOT NULL);
INSERT INTO app_accessory VALUES(3,'Ceramic','White','Standard',55);
INSERT INTO app_accessory VALUES(4,'Ceramic','White','Standard',50);
INSERT INTO app_accessory VALUES(49,'Metal','Silver','0',100);
INSERT INTO app_accessory VALUES(61,'Metal','Silver','Standard',200);
INSERT INTO app_accessory VALUES(83,'Algodão','Preto','Único',100);
INSERT INTO app_accessory VALUES(94,'Porcelana','Branco','Único',150);
INSERT INTO app_accessory VALUES(95,'Pano','Branco','Único',150);
INSERT INTO app_accessory VALUES(99,'Porcelana','Branco','Standard',150);
INSERT INTO app_accessory VALUES(102,'Metal','Roxo','Único',150);
INSERT INTO app_accessory VALUES(108,'Algodão','Branco','Único',200);
INSERT INTO app_accessory VALUES(124,'Metal','Vermelho','Único',150);
INSERT INTO app_accessory VALUES(132,'Papel','Preto','Único',150);
INSERT INTO app_accessory VALUES(138,'Metal','Branco','Único',150);
INSERT INTO app_accessory VALUES(142,'Papel','Preto','Único',150);
INSERT INTO app_accessory VALUES(150,'Metal','Silver','Standard',200);
CREATE TABLE IF NOT EXISTS "app_cd" ("product_ptr_id" integer NOT NULL PRIMARY KEY REFERENCES "app_product" ("id") DEFERRABLE INITIALLY DEFERRED, "genre" varchar(50) NOT NULL, "releaseDate" date NOT NULL, "stock" integer NOT NULL);
INSERT INTO app_cd VALUES(48,'Pop','2019-07-19',50);
INSERT INTO app_cd VALUES(60,'Rock','1975-02-24',70);
INSERT INTO app_cd VALUES(82,'Pop/R&B','2015-11-13',80);
INSERT INTO app_cd VALUES(93,'Pop/Funk','2022-04-12',100);
INSERT INTO app_cd VALUES(98,'Pop','2023-10-27',60);
INSERT INTO app_cd VALUES(105,'Funk','2023-05-15',80);
INSERT INTO app_cd VALUES(109,'Pop/R&B','2015-11-13',80);
INSERT INTO app_cd VALUES(126,'Hip-Hop','2016-05-21',100);
INSERT INTO app_cd VALUES(134,'Alternative','2021-12-21',100);
INSERT INTO app_cd VALUES(140,'Pop','1960-05-21',100);
INSERT INTO app_cd VALUES(144,'Alternative','1970-12-21',100);
INSERT INTO app_cd VALUES(147,'Rock','1975-02-24',80);
CREATE TABLE IF NOT EXISTS "app_vinil" ("product_ptr_id" integer NOT NULL PRIMARY KEY REFERENCES "app_product" ("id") DEFERRABLE INITIALLY DEFERRED, "genre" varchar(50) NOT NULL, "lpSize" varchar(5) NOT NULL, "releaseDate" date NOT NULL, "stock" integer NOT NULL);
INSERT INTO app_vinil VALUES(2,'Hip-Hop','20','2012-10-22',25);
INSERT INTO app_vinil VALUES(47,'Pop','13','2022-07-15',20);
INSERT INTO app_vinil VALUES(81,'Pop','12"','2021-03-19',50);
INSERT INTO app_vinil VALUES(97,'Pop','12"','2022-10-21',30);
INSERT INTO app_vinil VALUES(101,'Pop','','2021-05-21',100);
INSERT INTO app_vinil VALUES(107,'Pop/R&B','','2022-07-29',100);
INSERT INTO app_vinil VALUES(123,'Pop','','2020-05-21',100);
INSERT INTO app_vinil VALUES(136,'Alternative','','2010-05-21',120);
INSERT INTO app_vinil VALUES(137,'Pop','','1960-05-21',120);
INSERT INTO app_vinil VALUES(141,'Alternative','','1970-05-21',120);
INSERT INTO app_vinil VALUES(146,'Rock','12"','1971-11-08',40);
CREATE TABLE IF NOT EXISTS "app_user_groups" ("id" integer NOT NULL PRIMARY KEY AUTOINCREMENT, "user_id" integer NOT NULL REFERENCES "app_user" ("id") DEFERRABLE INITIALLY DEFERRED, "group_id" integer NOT NULL REFERENCES "auth_group" ("id") DEFERRABLE INITIALLY DEFERRED);
INSERT INTO app_user_groups VALUES(1,18,2);
INSERT INTO app_user_groups VALUES(2,19,3);
INSERT INTO app_user_groups VALUES(3,20,2);
INSERT INTO app_user_groups VALUES(4,21,2);
INSERT INTO app_user_groups VALUES(5,22,2);
INSERT INTO app_user_groups VALUES(6,23,2);
INSERT INTO app_user_groups VALUES(7,24,2);
INSERT INTO app_user_groups VALUES(8,25,2);
INSERT INTO app_user_groups VALUES(9,26,2);
INSERT INTO app_user_groups VALUES(10,27,3);
INSERT INTO app_user_groups VALUES(11,28,3);
INSERT INTO app_user_groups VALUES(12,29,3);
INSERT INTO app_user_groups VALUES(13,30,3);
INSERT INTO app_user_groups VALUES(14,31,3);
INSERT INTO app_user_groups VALUES(15,32,3);
CREATE TABLE IF NOT EXISTS "app_user_user_permissions" ("id" integer NOT NULL PRIMARY KEY AUTOINCREMENT, "user_id" integer NOT NULL REFERENCES "app_user" ("id") DEFERRABLE INITIALLY DEFERRED, "permission_id" integer NOT NULL REFERENCES "auth_permission" ("id") DEFERRABLE INITIALLY DEFERRED);
CREATE TABLE IF NOT EXISTS "app_artist" ("id" integer NOT NULL PRIMARY KEY AUTOINCREMENT, "description" text NOT NULL, "image" varchar(100) NOT NULL, "name" varchar(50) NOT NULL UNIQUE, "background_image" varchar(100) NULL);
INSERT INTO app_artist VALUES(1,'Taylor Alison Swift (nascida em 13 de dezembro de 1989) é uma cantora e compositora americana. Conhecida por suas composições biográficas, reinvenções artísticas e impacto cultural, Swift é uma figura importante na música popular e objeto de amplo interesse público.','artists/taylorswift_mmz4nKO.jpg','Taylor Swift','background_images/taylor_psku8SY_VS2vzs7.jpeg');
INSERT INTO app_artist VALUES(2,'Kendrick Lamar Duckworth (Compton, 17 de junho de 1987) é um rapper, compositor e produtor musical norte-americano. Vencedor de 17 prêmios Grammy, é um dos dois únicos músicos fora da música clássica a receber o Prémio Pulitzer, sendo considerado como um dos artistas mais influentes de sua geração, além de um dos maiores rappers e letristas de todos os tempos.','artists/kendricklamar_UaM2R3S.jpg','Kendrick Lamar','background_images/kendrick_background_WZiq14x_W6OCL4J.jpeg');
INSERT INTO app_artist VALUES(3,'The Beatles foi uma banda de rock britânica, formada na cidade de Liverpool em 1960. Com os integrantes John Lennon, Paul McCartney, George Harrison e Ringo Starr, o grupo tornou-se altamente reconhecido como o melhor e mais bem sucedido da era do rock. Enraizados no skiffle, beat e o rock and roll dos anos 1950, os Beatles mais tarde experimentaram com diversos gêneros, desde baladas pop e a música indiana até a música psicodélica e o hard rock, e incorporaram elementos clássicos de maneiras inovadoras. Em meados da década de 1960, a imensa popularidade da banda tornou-se conhecida como a "Beatlemania", mas conforme a música do grupo crescia em sofisticação, liderada pelos principais compositores Lennon e McCartney, seus membros começaram a ser percebidos como uma incorporação dos ideais compartilhados pelas revoluções socioculturais da era.','artists/thebeatles_1OxJmwL.jpg','The Beatles','background_images/beatles_wPTn4j5_ijdFzr4.jpeg');
INSERT INTO app_artist VALUES(4,'Led Zeppelin foi uma banda britânica de rock formada em Londres, em 1968. Consistia no guitarrista Jimmy Page, no vocalista Robert Plant, no baixista e tecladista John Paul Jones e no baterista John Bonham. Seu som pesado e violento de guitarra, enraizado no blues e música psicodélica de seus dois primeiros álbuns, é frequentemente reconhecido como um dos fundadores do heavy metal. Seu estilo foi inspirado em uma grande variedade de influências, incluindo a música folk, psicodélica e o blues.','artists/ledzeppelin_LvA48yp.jpg','Led Zeppelin','background_images/backzepling.jpg');
INSERT INTO app_artist VALUES(5,'Cantora, compositora e atriz norte-americana, conhecida por suas performances e influência na cultura pop.','beyonce.jpg','Beyoncé','background_images/backbe_MNPs6sq.jpg');
INSERT INTO app_artist VALUES(6,'Cantora e compositora norte-americana, conhecida por suas músicas de sucesso como ''Drivers License'' e ''Good 4 U''.','app/media/artists/olivia_x7RS1Zg.jpg','Olivia Rodrigo','background_images/app/media/artists/olivia_back_xFh0FL0.png');
INSERT INTO app_artist VALUES(7,'Cantor e compositor canadense, que alcançou fama mundial ainda na adolescência.','app/media/artists/JustinBiber_O22fzLF.jpeg','Justin Bieber','background_images/app/media/artists/justin_back_h7TeWTS.png');
INSERT INTO app_artist VALUES(8,'Cantora, compositora e atriz norte-americana, conhecida por suas músicas pop e atuações na TV.','app/media/artists/sabrina_uIKyecr.jpg','Sabrina Carpenter','background_images/app/media/artists/sabrinabackground_bGuAkPb.jpg');
INSERT INTO app_artist VALUES(9,'Banda britânica de rock progressivo, conhecida por seus álbuns conceituais e shows inovadores.','app/media/artists/pingfloyd_J7r7q2D.jpg','Pink Floyd','background_images/app/media/artists/pink_back_mfieJsp.png');
INSERT INTO app_artist VALUES(10,'DJ e produtor musical brasileiro, conhecido por seus sucessos no funk e música pop.','app/media/artists/PedroSampaio_jqzeT6D.jpg','Pedro Sampaio','background_images/app/media/artists/ps_back_phNUj9a.jpg');
INSERT INTO app_artist VALUES(11,'Cantora e compositora brasileira, conhecida por sua popularidade internacional e hits no reggaeton e funk.','app/media/artists/anitta_79J4j1M.png','Anitta','background_images/app/media/artists/anitta_back_CuEYqLR.png');
INSERT INTO app_artist VALUES(12,'Banda norte-americana de rock, conhecida por seus sucessos como ''Radioactive'' e ''Believer''.','app/media/artists/imagine_8veqkYV.jpg','Imagine Dragons','background_images/app/media/artists/imagine_back_cb3g666.jpg');
INSERT INTO app_artist VALUES(13,'Cantor, compositor e produtor canadense, conhecido por suas músicas de sucesso e performances cativantes.','app/media/artists/theweeknd_T3LuaVe.jpg','The Weeknd','background_images/app/media/artists/theweeknd_back_W7gGzVt.jpg');
INSERT INTO app_artist VALUES(14,'Banda britânica de rock, conhecida por seu som distinto e letras cativantes.','app/media/artists/artic_4GRPUvT.jpg','Arctic Monkeys','background_images/app/media/artists/arcticmonkeys_pafYgS3.jpeg');
CREATE TABLE IF NOT EXISTS "app_cart" ("id" integer NOT NULL PRIMARY KEY AUTOINCREMENT, "user_id" bigint NOT NULL REFERENCES "app_user" ("id") DEFERRABLE INITIALLY DEFERRED, "date" date NOT NULL);
INSERT INTO app_cart VALUES(9,9,'2024-11-07');
INSERT INTO app_cart VALUES(12,5,'2024-11-07');
INSERT INTO app_cart VALUES(17,16,'2024-11-08');
INSERT INTO app_cart VALUES(18,29,'2024-11-11');
INSERT INTO app_cart VALUES(19,30,'2024-11-11');
INSERT INTO app_cart VALUES(20,31,'2024-11-11');
INSERT INTO app_cart VALUES(21,32,'2024-11-11');
CREATE TABLE IF NOT EXISTS "app_company" ("id" integer NOT NULL PRIMARY KEY AUTOINCREMENT, "name" varchar(50) NOT NULL, "address" varchar(50) NULL, "email" varchar(50) NOT NULL UNIQUE, "phone" varchar(50) NULL, "logo" varchar(100) NULL);
INSERT INTO app_company VALUES(1,'Interscope','2220 Colorado Ave, Santa Monica, California','interscope@gmail.com','914352578','company_logos/interscope.jpg');
INSERT INTO app_company VALUES(4,'Republic Records','Republic Records, 1755 Broadway, New York, NY 1001','republic@gmail.com','918349638','company_logos/republic_z5ogEqS.png');
INSERT INTO app_company VALUES(5,'Capitol Records','Los Angeles, California, United States','capitol@gmail.com','916557926','company_logos/capitol.jpg');
INSERT INTO app_company VALUES(7,'Sony Music','New York, New York, United States','sony@gmail.com','916327986','company_logos/sony_1sAtogX.png');
INSERT INTO app_company VALUES(8,'Warner Bros Records','Los Angeles, California, United States','warner@gmail.com','912345688','company_logos/warner_vhknvYN.jpg');
INSERT INTO app_company VALUES(9,'VAIS SER APAGADA','APAGAGA','APAGADA@gmail.com','123456789','');
INSERT INTO app_company VALUES(10,'Atlantic Records','Rua de Zaaplindnds','AtlanticRecords@emial.com','912912912','company_logos/company.jpg');
INSERT INTO app_company VALUES(11,'Warner Music','Aveiro','WarnerMusic@lot.pt','911111332','company_logos/empresa2.jpeg');
CREATE TABLE IF NOT EXISTS "app_user" ("id" integer NOT NULL PRIMARY KEY AUTOINCREMENT, "username" varchar(150) NOT NULL UNIQUE, "email" varchar(50) NULL UNIQUE, "number_of_purchases" integer NOT NULL, "date_joined" datetime NOT NULL, "first_name" varchar(150) NOT NULL, "is_active" bool NOT NULL, "is_staff" bool NOT NULL, "is_superuser" bool NOT NULL, "last_login" datetime NULL, "last_name" varchar(150) NOT NULL, "address" varchar(50) NULL, "country" varchar(50) NULL, "phone" varchar(50) NOT NULL UNIQUE, "image" varchar(100) NULL, "company_id" bigint NULL REFERENCES "app_company" ("id") DEFERRABLE INITIALLY DEFERRED, "user_type" varchar(10) NOT NULL, "firstname" varchar(50) NULL, "lastname" varchar(50) NULL, "password" varchar(128) NOT NULL);
INSERT INTO app_user VALUES(5,'admin','admin@gmail.com',0,'2024-11-05 11:10:25','',1,1,1,'2024-11-11 11:41:43.026136','','None','Nones','','',NULL,'admin',NULL,NULL,'pbkdf2_sha256$600000$g4iy4e0rOOAXExNMxZjTSq$mzbCcU1hn1s6kMCGojjSrYbpaaROKR6nifT9n+Dl/Uk=');
INSERT INTO app_user VALUES(6,'teste','teste@ua.pt',0,'2024-11-05 11:11:38','teste',1,0,0,NULL,'fixe',NULL,NULL,'912342123',NULL,NULL,'individual',NULL,NULL,'teste123');
INSERT INTO app_user VALUES(7,'teste2','teste2@gmail.com',0,'2024-11-05 11:50:37.896554','teste2',1,0,0,'2024-11-05 11:50:38.371205','teste2','rua','Portugal','912092210','profile_pics/Captura_de_ecrã_de_2024-11-04_23-08-20.png',NULL,'individual',NULL,NULL,'pbkdf2_sha256$600000$jmvHX0LkVGw6BHSxxHDgJz$gdoPcDclKc4K4/KUTl7flgduQsYctzK6OMB+x4X6zYM=');
INSERT INTO app_user VALUES(8,'huginho','hugo@gmail.com',0,'2024-11-05 12:13:56.298316','Hugo',1,0,0,'2024-11-05 12:13:56.757091','Ribeiro','aveiro','portugal','999999999','profile_pics/Captura_de_ecrã_de_2024-10-27_22-37-21.png',NULL,'individual',NULL,NULL,'pbkdf2_sha256$600000$snSLtka27tNXeUor1i2sNv$Zy72J8qiCYljaK062b4QZLWIbxxaS0BLBCYV70Nxk2o=');
INSERT INTO app_user VALUES(9,'Tom','tomasbras@gmail.com',0,'2024-11-07 15:08:57.458090','Tomás',1,0,0,'2024-11-07 15:08:57.633744','Brás','','Portugal','91','profile_pics/Captura_de_ecrã_de_2024-11-06_17-08-11.png',NULL,'individual',NULL,NULL,'pbkdf2_sha256$600000$fcqTMWRaMejOolGea5EYP3$BRtrdIpNdS03Sc+tD10GRg76rq6KbKpF1Q7Bin+5vMs=');
INSERT INTO app_user VALUES(13,'hugo','tomas@gmail.com',0,'2024-11-08 00:31:36.090374','Hugo',1,0,0,'2024-11-08 00:31:36.562522','fixe','rua filaho','USA','915250480','profile_pics/Captura_de_ecrã_de_2024-11-04_23-23-42.png',NULL,'individual',NULL,NULL,'pbkdf2_sha256$600000$sGuAAxdLt09ZCBczpicUs1$rxeYfXrZ5aEvix0hNmwGkw/W1gH+EoIyl+KkR4mLOEo=');
INSERT INTO app_user VALUES(14,'loja123','loja@gmai.com',0,'2024-11-08 19:44:48.568117','',1,0,0,'2024-11-08 20:40:22.595996','','dnsjkdnaskjdnk','portugal','918039638','',NULL,'company','Company','loja','pbkdf2_sha256$600000$R446oa3QzYYujsPUt766FJ$YFUrBfRILFHb4HgoQuzXn+/MJn+/EvXQ2B1MSNMqjyo=');
INSERT INTO app_user VALUES(15,'alof2004','hpclafonso11@gmail.com',0,'2024-11-08 22:08:26.901133','Afonso',1,0,0,'2024-11-08 22:08:27.034979','Ferreira','Rua do Carvalhal nº102','Portugal','916323922','',NULL,'individual',NULL,NULL,'pbkdf2_sha256$600000$iPKWsnMGqAoaXNSYPlqSdE$xI4UDLxvqoKb/ZKus1R6bwSbQdKkhsVdMe8lN/PbCb4=');
INSERT INTO app_user VALUES(16,'alof04','chpclafonso@gmail.com',0,'2024-11-08 22:24:53','Afonso',1,0,0,'2024-11-10 23:21:50.257607','Ferreira','Rua do Carvalhal nº102','Portugal','926327926','',1,'company',NULL,NULL,'pbkdf2_sha256$870000$NomaQoRxuzV786K5wTEQJi$exW9uRR+LWqWPmokIUu37g8TtcPGTlQh0gd3XUCNxPg=');
INSERT INTO app_user VALUES(17,'loja1','hpclafo1nso@gmail.com',0,'2024-11-09 00:04:51.898607','',1,0,0,'2024-11-10 10:50:25.916726','','Rua do Carvalhal nº102','Portugal','916324926','',NULL,'company','Company','loja','pbkdf2_sha256$870000$XnyfpfyFElfCooNWcgjLPW$aYLH3sNokB30EvLHXpYS10xgtXR8VoshuHM3SwtyLbc=');
INSERT INTO app_user VALUES(18,'republic','republic@gmail.com',0,'2024-11-09 22:17:24.477234','',1,0,0,'2024-11-09 23:32:38.209138','','Republic Records, 1755 Broadway, New York, NY 1001','USA','918349638','',4,'company','Company','Republic Records','pbkdf2_sha256$600000$bAyw0QMe0klJ6NZXZhtOYC$e+Zsj5rHhTInWiigIufoKtGP7STcf8w+jz1h0F7lsiw=');
INSERT INTO app_user VALUES(19,'afonso123','hpclafonso@gmail.com',0,'2024-11-09 22:38:28.557424','Afonso',1,0,0,'2024-11-09 22:38:28.692618','Ferreira','Rua do Carvalhal nº102','Portugal','916127926','',NULL,'individual',NULL,NULL,'pbkdf2_sha256$600000$fYHeTTOBTIAUy3Kb1B7EOT$dGDNZ63YDvDUZaioUHwXoUO8Egpz0ZGEEoowcTH/bXI=');
INSERT INTO app_user VALUES(20,'capitol','capitol@gmail.com',0,'2024-11-09 22:53:09.867402','',1,0,0,NULL,'','Los Angeles, California, United States','Canada','916557926','',5,'company','Company','Capitol Records','pbkdf2_sha256$600000$dVhKX4VfDqO2SWaAbpt4io$8B8rFzXYvHTeakXfm9OCDUVx4JrySIxBTubYSPmImDA=');
INSERT INTO app_user VALUES(21,'topdawg','topdawg@gmail.com',0,'2024-11-09 22:57:53.277295','',1,0,0,NULL,'','725 S Los Angeles St, Los Angeles, California 9001','USA','916527925','',NULL,'company','Company','Top Dawg Entertainment','pbkdf2_sha256$600000$Rt2TS2TtXAKF2DLtLVgAmo$rFZg5sIaIenAgwETdWX9i6P2s1hCZwQvosZtIOgN6vM=');
INSERT INTO app_user VALUES(22,'sony','sony@gmail.com',0,'2024-11-09 23:00:22.339862','',1,0,0,NULL,'','New York, New York, United States','Portugal','916327986','',7,'company','Company','Sony Music','pbkdf2_sha256$600000$L2sv08uTqIKrtlkwSoRJsG$iwW9lw7hbU/GONzswhWnynA3saF9ljdTfd9vEng6rSI=');
INSERT INTO app_user VALUES(23,'warner','warner@gmail.com',0,'2024-11-09 23:02:23.482431','',1,0,0,NULL,'','Los Angeles, California, United States','USA','912345688','',8,'company','Company','Warner Bros Records','pbkdf2_sha256$600000$p9gXRiD3wwzKsG2dZxOxXJ$Z6lpCIwgJZI34yWCUyKw89b+Mh3gazTP4yi1n3YIXBg=');
INSERT INTO app_user VALUES(24,'apagada','APAGADA@gmail.com',0,'2024-11-09 23:03:51.196392','',1,0,0,NULL,'','APAGAGA','usa','123456789','',9,'company','Company','VAIS SER APAGADA','pbkdf2_sha256$600000$Cn7quAFCpTzaQjws6ApqRo$7EVMV4N6IWWz0204X2SoG01Oj0eHRpBVgpM1nLnXgUw=');
INSERT INTO app_user VALUES(25,'AtlRec1','AtlanticRecords@emial.com',0,'2024-11-10 16:36:17.393312','',1,0,0,NULL,'','Rua de Zaaplindnds','Ucrania','912912912','',10,'company','Company','Atlantic Records','pbkdf2_sha256$600000$RLORwyDHzFaEPhnDjgLeaI$8WrBcnKOrMKNqO/1tHz+pvD9lZPgaZ+O6wAc0NxgB+0=');
INSERT INTO app_user VALUES(26,'WM2','WarnerMusic@lot.pt',0,'2024-11-10 17:01:51.223000','',1,0,0,NULL,'','Aveiro','América','911111332','',11,'company','Company','Warner Music','pbkdf2_sha256$600000$enzqmrWb9n9wepGWdQifPu$XdYwrIU3SaQ09Rs81OHh5Ke3qlv/EVY/qIBOfmwuIL8=');
INSERT INTO app_user VALUES(27,'aaaaaaa','aaa@gmail.com',0,'2024-11-11 10:08:37.956130','‎ ‎ ‎',1,0,0,'2024-11-11 10:08:38.374012','‎ ‎ ‎','‎ ‎ ‎ ‎ ‎ ‎ ‎ ‎ ‎ ‎ ‎','‎ ‎ ‎','234567890','',NULL,'individual',NULL,NULL,'pbkdf2_sha256$600000$aVVZLFLCdju0IpxukRhPj6$aBMlLQzMHLXTKoOGa3Iqhspw9cMrLUMGfiRaAEnjrYU=');
INSERT INTO app_user VALUES(28,'fromdjangoimportformsfromdjango.core.exceptionsimportValidationErrorfromdjango.core.validat','ricardo@gnail.cin',0,'2024-11-11 10:12:57.805388','fromdjangoimportformsfromdjango.core.exceptionsimportValidationErrorfromdjango.core.validat',1,0,0,'2024-11-11 10:12:58.292068','fromdjangoimportformsfromdjango.core.exceptionsimportValidationErrorfromdjango.core.validat','fromdjangoimportformsfromdjango.core.exceptio','fromdjangoimportformsfromdjango.core.exceptio','123456754','',NULL,'individual',NULL,NULL,'pbkdf2_sha256$600000$ag9dsjxpaGSbcIHu338NCw$aBUNDPj/U9rSjwCdBFjQoOf4JrtgnYWA/W1q8n7WUTs=');
INSERT INTO app_user VALUES(29,'len_username__9','sajdnajnds@gnuil.cin',0,'2024-11-11 10:18:06.728305','len(username)<9',1,0,0,'2024-11-11 10:18:07.201771','len(username)<9','len(username)<9','len(username)<9','123455554','',NULL,'individual',NULL,NULL,'pbkdf2_sha256$600000$huoiEAtImA7s3AHkexM6fU$sh8WFq3UJdgHCDo2PnuTOVl2XI2l45se2SedFFMJkxw=');
INSERT INTO app_user VALUES(30,'tomas1','tomasbras195@jjjj.com',0,'2024-11-11 10:28:06.765994','tomas',1,0,0,'2024-11-11 10:28:07.259562','bras','ruadasoliveirinhas','portugal','919234876','',NULL,'individual',NULL,NULL,'pbkdf2_sha256$600000$ahPx7df7at9esPiUyHqfVK$0VUe0DDgZyhh6E1yo4ZRpWV1rb+t2JUxrrbQUVJFSW8=');
INSERT INTO app_user VALUES(31,'tomas123','tosbras@gmail.com',0,'2024-11-11 11:07:57.973568','tomas',1,0,0,'2024-11-11 11:07:58.512771','bras','ruafialho','USA','918765452','',NULL,'individual',NULL,NULL,'pbkdf2_sha256$600000$TIME1rgLoFxkSiI9GvLvIG$CVi0dZsmeSJK4oM7AFXcZwit2ZUl4sEKySwjE1Vd/sI=');
INSERT INTO app_user VALUES(32,'joao1','joao@gmail.com',0,'2024-11-11 11:18:00.048724','Joao',1,0,0,'2024-11-11 11:40:00.293102','Mateus','RuadasAzeitonas','Portugal','914543789','profile_pics/thispersondoesnotexist.jpeg',NULL,'individual',NULL,NULL,'pbkdf2_sha256$600000$l0yIa5KEnU7qlJtXALwWF1$xdr+a704eN9wyGwmHM1h59fNu29Q1Wyxskon5DWWMUA=');
CREATE TABLE IF NOT EXISTS "app_purchaseproduct" ("id" integer NOT NULL PRIMARY KEY AUTOINCREMENT, "quantity" integer unsigned NOT NULL CHECK ("quantity" >= 0), "product_id" integer NOT NULL REFERENCES "app_product" ("id") DEFERRABLE INITIALLY DEFERRED, "purchase_id" integer NOT NULL REFERENCES "app_purchase" ("id") DEFERRABLE INITIALLY DEFERRED);
CREATE TABLE IF NOT EXISTS "app_favorite" ("id" integer NOT NULL PRIMARY KEY AUTOINCREMENT, "user_id" bigint NOT NULL REFERENCES "app_user" ("id") DEFERRABLE INITIALLY DEFERRED, "product_id" integer NOT NULL REFERENCES "app_product" ("id") DEFERRABLE INITIALLY DEFERRED);
INSERT INTO app_favorite VALUES(12,16,4);
INSERT INTO app_favorite VALUES(13,16,5);
INSERT INTO app_favorite VALUES(14,16,6);
INSERT INTO app_favorite VALUES(24,19,2);
INSERT INTO app_favorite VALUES(25,19,3);
INSERT INTO app_favorite VALUES(26,19,4);
CREATE TABLE IF NOT EXISTS "app_product" ("id" integer NOT NULL PRIMARY KEY AUTOINCREMENT, "name" varchar(50) NOT NULL, "description" text NOT NULL, "price" real NULL, "image" varchar(100) NOT NULL, "category" varchar(50) NOT NULL, "artist_id" integer NULL REFERENCES "app_artist" ("id") DEFERRABLE INITIALLY DEFERRED, "company_id" bigint NULL REFERENCES "app_company" ("id") DEFERRABLE INITIALLY DEFERRED, "count" integer NOT NULL, "addedProduct" date NULL);
INSERT INTO app_product VALUES(2,'Good Kid Vinyl','Vinil do álbum ''Good Kid, M.A.A.D City''',129.90000000000000568,'products/kendricklamar/goodKid.jpg','Vinyl',2,1,37,'2024-10-28');
INSERT INTO app_product VALUES(3,'Kendrick Lamar Mug 1','Official Kendrick Lamar mug',19.899999999999998578,'products/kendricklamar/mug1.jpg','Accessory',2,1,1,'2024-10-28');
INSERT INTO app_product VALUES(4,'Kendrick Lamar Mug 2','Official Kendrick Lamar mug',19.899999999999998578,'products/kendricklamar/mug2.jpeg','Accessory',2,1,2,'2024-10-28');
INSERT INTO app_product VALUES(5,'Kendrick Lamar T-shirt 1','Official Kendrick Lamar T-shirt',79.900000000000005683,'products/kendricklamar/tshirt1.jpg','Clothing',2,1,13,'2024-10-28');
INSERT INTO app_product VALUES(6,'Kendrick Lamar T-shirt 2','Official Kendrick Lamar T-shirt',89.900000000000005687,'products/kendricklamar/tshirt2.jpg','Clothing',2,1,0,'2024-10-28');
INSERT INTO app_product VALUES(47,'Emails I Can''t Send Vinyl','Vinil do álbum ''Emails I Can''t Send''',139.90000000000000568,'products/emailsicantsend.png','Vinyl',8,1,4,'2024-11-10');
INSERT INTO app_product VALUES(48,'Short n'' Sweet Alternate Cover CD','CD do álbum ''Short n'' Sweet''',29.899999999999998579,'products/sabrina.png','CD',8,1,8,'2024-11-10');
INSERT INTO app_product VALUES(49,'Sabrina Carpenter Chávena','Chávena da música Espresso',14.900000000000000355,'products/chavena.png','Accessory',8,1,4,'2024-11-10');
INSERT INTO app_product VALUES(50,'Sabrina Carpenter T-shirt Azul','T-shirt oficial azul de Sabrina Carpenter',49.899999999999998579,'products/camisola.png','Clothing',8,1,2,'2024-11-10');
INSERT INTO app_product VALUES(60,'Physical Graffiti CD','CD do álbum duplo ''Physical Graffiti'' de Led Zeppelin',49.899999999999998579,'products/cd.jpeg','CD',4,10,0,'2024-11-10');
INSERT INTO app_product VALUES(61,'Led Zeppelin Boné','Boné oficial com logo de Led Zeppelin',80.0,'products/chapeu.jpeg','Accessory',4,10,3,'2024-11-10');
INSERT INTO app_product VALUES(62,'Led Zeppelin T-shirt Classic Logo','T-shirt preta com o logo clássico de Led Zeppelin',69.900000000000005683,'products/camisolaled.jpg','Clothing',4,10,1,'2024-11-10');
INSERT INTO app_product VALUES(81,'Justice Vinyl','Vinil do álbum ''Justice'' de Justin Bieber',159.90000000000000567,'products/vinil_Sxk1o66.jpeg','Vinyl',7,11,0,'2024-11-10');
INSERT INTO app_product VALUES(82,'Purpose CD','CD do álbum ''Purpose'' de Justin Bieber',39.899999999999998579,'products/cd_4O7PaET.jpeg','CD',7,11,0,'2024-11-10');
INSERT INTO app_product VALUES(83,'Justin Bieber Boné','Boné oficial de Justin Bieber',29.899999999999998579,'products/bone.jpeg','Accessory',7,11,1,'2024-11-10');
INSERT INTO app_product VALUES(84,'Justin Bieber T-shirt','Camiseta oficial de Justin Bieber com estampa exclusiva',69.900000000000005683,'products/camisola.jpeg','Clothing',7,11,1,'2024-11-10');
INSERT INTO app_product VALUES(93,'Versions of Me CD','CD do álbum ''Versions of Me'' de Anitta',39.899999999999998579,'products/cd_oLYh8kO.jpg','CD',11,11,0,'2024-11-10');
INSERT INTO app_product VALUES(94,'Anitta Caneca','Caneca oficial com logo de Anitta',24.899999999999998579,'products/caneca_DzSZ36v.jpeg','Accessory',11,11,0,'2024-11-10');
INSERT INTO app_product VALUES(95,'Anitta Tot','Tot oficial de Anitta',24.899999999999998579,'products/tot_forCtpd.jpg','Accessory',11,11,0,'2024-11-10');
INSERT INTO app_product VALUES(96,'Anitta T-shirt Preta','Camiseta oficial Preta de Anitta com estampa exclusiva',79.900000000000005683,'products/anittacamisola_kmqqab8.png','Clothing',11,11,0,'2024-11-10');
INSERT INTO app_product VALUES(97,'Midnights Vinyl','Vinil do álbum ''Midnights'' de Taylor Swift',149.90000000000000567,'products/taylor1989_0qS0ao5.jpg','Vinyl',1,4,17,'2024-11-10');
INSERT INTO app_product VALUES(98,'1989 (Taylor''s Version) CD','CD do álbum ''1989 (Taylor''s Version)'' de Taylor Swift',39.899999999999998579,'products/cdtaylor_5n0U8xj.jpg','CD',1,4,1,'2024-11-10');
INSERT INTO app_product VALUES(99,'Taylor Swift Mega Caneca','Caneca oficial de Taylor Swift',19.899999999999998578,'products/canecataylor_Ho6x2u3.jpg','Accessory',1,4,0,'2024-11-10');
INSERT INTO app_product VALUES(100,'Taylor Swift Red T-shirt','T-shirt oficial vermelha de Taylor Swift',59.899999999999998579,'products/taylortshirt_3zlc9SE.png','Clothing',1,4,0,'2024-11-10');
INSERT INTO app_product VALUES(101,'SOUR Vinil','CD do álbum ''SOUR'' de Olivia Rodrigo',34.899999999999998579,'products/vinilolivia_npDmuJG.jpg','CD',6,7,0,'2024-11-10');
INSERT INTO app_product VALUES(102,'Stanley Olivia Rodrigo','Stanley com logo de Olivia Rodrigo',19.899999999999998578,'products/copoolivia_etFvVyJ.png','Accessory',6,7,0,'2024-11-10');
INSERT INTO app_product VALUES(103,'Olivia Rodrigo T-shirt','Camiseta Branca oficial de Olivia Rodrigo com estampa do álbum ''SOUR''',79.900000000000005683,'products/oliviatshirt_3U9Hwlw.png','Clothing',6,7,0,'2024-11-10');
INSERT INTO app_product VALUES(104,'Olivia Rodrigo T-shirt Preta','Camiseta oficial de Olivia Rodrigo com estampa do álbum ''SOUR''',79.900000000000005683,'products/tshirt_yAvC2eB.jpeg','Clothing',6,7,0,'2024-11-10');
INSERT INTO app_product VALUES(105,'Pedro Sampaio CD','CD com os maiores sucessos de Pedro Sampaio',34.899999999999998579,'products/cdpedro_5KObF0V.jpeg','CD',10,10,0,'2024-11-10');
INSERT INTO app_product VALUES(106,'Pedro Sampaio Camiseta Branca','Camiseta oficial branca de Pedro Sampaio com estampa exclusiva',79.900000000000005683,'products/sampaio_3hf1fWR.jpeg','Clothing',10,10,0,'2024-11-10');
INSERT INTO app_product VALUES(107,'Renaissance Vinil','Vinil do álbum ''Renaissance'' de Beyoncé',149.90000000000000567,'products/renaissance-beyonce.jpg','Vinyl',5,4,0,'2024-11-10');
INSERT INTO app_product VALUES(108,'Beyoncé Tote Bag','Bolsa oficial de Beyoncé com logo ''Beyoncé''',49.899999999999998579,'products/tot.jpeg','Accessory',5,4,0,'2024-11-10');
INSERT INTO app_product VALUES(109,'Beyonce R&B CD','CD do álbum ''Renaissance'' de Beyoncé',39.899999999999998579,'products/cd_JhKTjvs.jpg','CD',5,4,0,'2024-11-10');
INSERT INTO app_product VALUES(110,'Beyoncé T-shirt Preta','Camiseta preta oficial de Beyoncé com estampa do álbum ''Renaissance''',89.900000000000005687,'products/camisola.jpg','Clothing',5,4,0,'2024-11-10');
INSERT INTO app_product VALUES(123,'After Hours Vinil','Vinil do álbum ''After Hours'' de Olivia Rodrigo',34.899999999999998579,'products/vinilafter.jpg','Hip-Hop',13,7,0,'2024-11-10');
INSERT INTO app_product VALUES(124,'Poster The Weekend','Poster After Hours de The Weekend',19.899999999999998578,'products/posterweekend.jpg','Accessory',13,7,0,'2024-11-10');
INSERT INTO app_product VALUES(125,'The Weekend T-shirt','Camisola Preta oficial de The Weekend com estampa do álbum ''After Hours''',79.900000000000005683,'products/tshirtweekend.jpg','Clothing',13,7,0,'2024-11-10');
INSERT INTO app_product VALUES(126,'StarBoy CD','CD do álbum ''Starboy'' de The Weeknd',25.899999999999998578,'products/cd1.jpg','Hip-Hop',13,7,0,'2024-11-10');
INSERT INTO app_product VALUES(132,'Poster Arctic Monkeys','Poster Oficial dos Arctic Monkeys',19.899999999999998578,'products/poster2_sTfo2Q0.jpg','Accessory',14,5,0,'2024-11-10');
INSERT INTO app_product VALUES(133,'Arctic Monkeys T-shirt','Camisola Branca oficial de Arctic Monkeys com logo da banda',79.900000000000005683,'products/tshirtarctic_Xb4tdXW.jpeg','Clothing',14,5,0,'2024-11-10');
INSERT INTO app_product VALUES(134,'The Car CD','CD do álbum ''The Car'' de Arctic Monkeys',25.899999999999998578,'products/cd2_cv76YgC.jpg','Alternative',14,5,0,'2024-11-10');
INSERT INTO app_product VALUES(136,'AM - Vinyl','Vinil do álbum ''AM'' de Arctic Monkeys',44.99000000000000199,'products/am_ouzgutx.jpeg','Alternative',14,5,0,'2024-11-10');
INSERT INTO app_product VALUES(137,'Let it Be Vinil','Vinil do álbum ''Let it Be'' de The Beatles',44.899999999999998579,'products/letitbe_xU9TXWy.jpg','Pop',13,7,0,'2024-11-10');
INSERT INTO app_product VALUES(138,'Poster The Beatles','Poster Oficial dos Beatles',19.899999999999998578,'products/poster1_5Kqexyy.jpg','Accessory',13,7,0,'2024-11-10');
INSERT INTO app_product VALUES(139,'The Beatles T-shirt','Camisola Branca oficial de The Beatles com logo da banda',79.900000000000005683,'products/tshirtbeatles_3DapNX2.jpg','Clothing',13,7,0,'2024-11-10');
INSERT INTO app_product VALUES(140,'Abbey Road CD','CD do álbum ''Abbey Road'' de The Beatles',25.899999999999998578,'products/abbey_hwHDAgf.jpg','Pop',13,7,0,'2024-11-10');
INSERT INTO app_product VALUES(141,' Led Zeppelin I - Vinyl','Vinil do álbum ''I'' de Led Zeppelin',44.99000000000000199,'products/vinil2_fLyOaDP.jpg','Alternative',4,5,0,'2024-11-10');
INSERT INTO app_product VALUES(142,'Poster Led Zeppelin','Poster Oficial dos Led Zeppelin',15.900000000000000354,'products/poster3_RKoX7D0.jpg','Accessory',4,5,0,'2024-11-10');
INSERT INTO app_product VALUES(144,'Led Zeppelin IV CD','CD do álbum ''Led Zeppelin IV'' de Led Zeppelin',21.199999999999999289,'products/iv_0yuWnfO.jpg','Alternative',4,5,0,'2024-11-10');
INSERT INTO app_product VALUES(145,'Led Zeppelin T-shirt','Camisola Preta oficial de Led Zeppelin com logo da banda',51.999999999999999998,'products/tshirt1_KlcR0aY.jpg','Clothing',4,5,0,'2024-11-10');
INSERT INTO app_product VALUES(146,'Pink Floyd The Dark Side of the Moon Vinyl','Vinil clássico do álbum ''The Dark Side of the Moon''',59.899999999999998579,'products/pink_M92oHYN.jpg','Vinyl',9,8,0,'2024-11-10');
INSERT INTO app_product VALUES(147,'The Dark Side of the Moon CD','CD do álbum duplo ''The Dark Side of the Moon'' de Pink Floyd',44.899999999999998579,'products/pink2_mzZ6jto.jpg','CD',9,8,0,'2024-11-10');
INSERT INTO app_product VALUES(149,'Pink Floyd T-shirt Classic Logo','T-shirt preta com o logo clássico de Pink Floyd',69.900000000000005683,'products/tshirt3_dlJSL3a.jpeg','Clothing',9,8,0,'2024-11-10');
INSERT INTO app_product VALUES(150,'Pink Floyd Keychain','Chaveiro oficial com logo de Pink Floyd',14.900000000000000355,'products/keychain_rK3Wp1r.jpg','Accessory',9,8,0,'2024-11-10');
CREATE TABLE IF NOT EXISTS "app_favoriteartist" ("id" integer NOT NULL PRIMARY KEY AUTOINCREMENT, "user_id" bigint NOT NULL REFERENCES "app_user" ("id") DEFERRABLE INITIALLY DEFERRED, "artist_id" integer NULL REFERENCES "app_artist" ("id") DEFERRABLE INITIALLY DEFERRED);
INSERT INTO app_favoriteartist VALUES(41,16,NULL);
INSERT INTO app_favoriteartist VALUES(46,5,NULL);
INSERT INTO app_favoriteartist VALUES(47,16,NULL);
INSERT INTO app_favoriteartist VALUES(50,16,NULL);
INSERT INTO app_favoriteartist VALUES(51,16,NULL);
INSERT INTO app_favoriteartist VALUES(52,5,2);
INSERT INTO app_favoriteartist VALUES(53,16,1);
CREATE TABLE IF NOT EXISTS "app_favoritecompany" ("id" integer NOT NULL PRIMARY KEY AUTOINCREMENT, "company_id" bigint NULL REFERENCES "app_company" ("id") DEFERRABLE INITIALLY DEFERRED, "user_id" bigint NOT NULL REFERENCES "app_user" ("id") DEFERRABLE INITIALLY DEFERRED);
INSERT INTO app_favoritecompany VALUES(11,1,16);
CREATE TABLE IF NOT EXISTS "app_purchase" ("id" integer NOT NULL PRIMARY KEY AUTOINCREMENT, "date" date NOT NULL, "paymentMethod" varchar(50) NOT NULL, "shippingAddress" varchar(50) NOT NULL, "status" varchar(50) NOT NULL, "user_id" bigint NOT NULL REFERENCES "app_user" ("id") DEFERRABLE INITIALLY DEFERRED, "total_amount" decimal NOT NULL);
CREATE TABLE IF NOT EXISTS "app_review" ("id" integer NOT NULL PRIMARY KEY AUTOINCREMENT, "text" text NULL, "date" datetime NOT NULL, "product_id" integer NOT NULL REFERENCES "app_product" ("id") DEFERRABLE INITIALLY DEFERRED, "user_id" bigint NOT NULL REFERENCES "app_user" ("id") DEFERRABLE INITIALLY DEFERRED, "rating" integer NULL);
INSERT INTO app_review VALUES(1,'s','2024-11-11',2,29,5);
INSERT INTO app_review VALUES(2,'h','2024-11-11',2,30,4);
INSERT INTO app_review VALUES(3,NULL,'2024-11-11 10:36:26.888201',2,30,4);
INSERT INTO app_review VALUES(4,'','2024-11-11 10:39:32.985319',2,30,4);
INSERT INTO app_review VALUES(5,'s','2024-11-11 10:40:59.108555',2,30,NULL);
INSERT INTO app_review VALUES(6,'','2024-11-11 10:42:50.704902',97,30,1);
INSERT INTO app_review VALUES(7,'j','2024-11-11 10:42:53.946152',97,30,NULL);
INSERT INTO app_review VALUES(8,'k','2024-11-11 10:43:02.131176',97,30,3);
DELETE FROM sqlite_sequence;
INSERT INTO sqlite_sequence VALUES('django_migrations',72);
INSERT INTO sqlite_sequence VALUES('django_admin_log',103);
INSERT INTO sqlite_sequence VALUES('django_content_type',23);
INSERT INTO sqlite_sequence VALUES('auth_permission',92);
INSERT INTO sqlite_sequence VALUES('auth_group',3);
INSERT INTO sqlite_sequence VALUES('auth_user',9);
INSERT INTO sqlite_sequence VALUES('app_size',93);
INSERT INTO sqlite_sequence VALUES('app_cartitem',28);
INSERT INTO sqlite_sequence VALUES('app_artist',14);
INSERT INTO sqlite_sequence VALUES('app_cart',21);
INSERT INTO sqlite_sequence VALUES('app_company',11);
INSERT INTO sqlite_sequence VALUES('app_user',32);
INSERT INTO sqlite_sequence VALUES('app_purchaseproduct',13);
INSERT INTO sqlite_sequence VALUES('app_favorite',26);
INSERT INTO sqlite_sequence VALUES('app_product',150);
INSERT INTO sqlite_sequence VALUES('auth_group_permissions',164);
INSERT INTO sqlite_sequence VALUES('app_favoriteartist',53);
INSERT INTO sqlite_sequence VALUES('app_favoritecompany',11);
INSERT INTO sqlite_sequence VALUES('app_user_groups',15);
INSERT INTO sqlite_sequence VALUES('app_purchase',23);
INSERT INTO sqlite_sequence VALUES('app_review',8);
CREATE UNIQUE INDEX "auth_group_permissions_group_id_permission_id_0cd325b0_uniq" ON "auth_group_permissions" ("group_id", "permission_id");
CREATE INDEX "auth_group_permissions_group_id_b120cbf9" ON "auth_group_permissions" ("group_id");
CREATE INDEX "auth_group_permissions_permission_id_84c5c92e" ON "auth_group_permissions" ("permission_id");
CREATE UNIQUE INDEX "auth_user_groups_user_id_group_id_94350c0c_uniq" ON "auth_user_groups" ("user_id", "group_id");
CREATE INDEX "auth_user_groups_user_id_6a12ed8b" ON "auth_user_groups" ("user_id");
CREATE INDEX "auth_user_groups_group_id_97559544" ON "auth_user_groups" ("group_id");
CREATE UNIQUE INDEX "auth_user_user_permissions_user_id_permission_id_14a6b632_uniq" ON "auth_user_user_permissions" ("user_id", "permission_id");
CREATE INDEX "auth_user_user_permissions_user_id_a95ead1b" ON "auth_user_user_permissions" ("user_id");
CREATE INDEX "auth_user_user_permissions_permission_id_1fbb5f2c" ON "auth_user_user_permissions" ("permission_id");
CREATE INDEX "django_admin_log_content_type_id_c4bce8eb" ON "django_admin_log" ("content_type_id");
CREATE INDEX "django_admin_log_user_id_c564eba6" ON "django_admin_log" ("user_id");
CREATE INDEX "app_cartitem_cart_id_ed211dc5" ON "app_cartitem" ("cart_id");
CREATE INDEX "app_cartitem_product_id_f74e2343" ON "app_cartitem" ("product_id");
CREATE UNIQUE INDEX "django_content_type_app_label_model_76bd3d3b_uniq" ON "django_content_type" ("app_label", "model");
CREATE UNIQUE INDEX "auth_permission_content_type_id_codename_01ab375a_uniq" ON "auth_permission" ("content_type_id", "codename");
CREATE INDEX "auth_permission_content_type_id_2f476e4b" ON "auth_permission" ("content_type_id");
CREATE INDEX "django_session_expire_date_a5c62663" ON "django_session" ("expire_date");
CREATE INDEX "app_size_clothing_id_0f19680b" ON "app_size" ("clothing_id");
CREATE UNIQUE INDEX "app_user_groups_user_id_group_id_73b8e940_uniq" ON "app_user_groups" ("user_id", "group_id");
CREATE INDEX "app_user_groups_user_id_e6f878f6" ON "app_user_groups" ("user_id");
CREATE INDEX "app_user_groups_group_id_e774d92c" ON "app_user_groups" ("group_id");
CREATE UNIQUE INDEX "app_user_user_permissions_user_id_permission_id_7c8316ce_uniq" ON "app_user_user_permissions" ("user_id", "permission_id");
CREATE INDEX "app_user_user_permissions_user_id_24780b52" ON "app_user_user_permissions" ("user_id");
CREATE INDEX "app_user_user_permissions_permission_id_4ef8e133" ON "app_user_user_permissions" ("permission_id");
CREATE INDEX "app_cart_user_id_2bf07879" ON "app_cart" ("user_id");
CREATE INDEX "app_user_company_id_ef47d247" ON "app_user" ("company_id");
CREATE INDEX "app_purchaseproduct_product_id_07e5f509" ON "app_purchaseproduct" ("product_id");
CREATE INDEX "app_purchaseproduct_purchase_id_728edb04" ON "app_purchaseproduct" ("purchase_id");
CREATE INDEX "app_cartitem_size_id_148dfd00" ON "app_cartitem" ("size_id");
CREATE INDEX "app_favorite_user_id_bd10a641" ON "app_favorite" ("user_id");
CREATE INDEX "app_favorite_product_id_e5e5b1bd" ON "app_favorite" ("product_id");
CREATE INDEX "app_product_artist_id_ad45e472" ON "app_product" ("artist_id");
CREATE INDEX "app_product_company_id_54ff1377" ON "app_product" ("company_id");
CREATE INDEX "app_favoriteartist_user_id_e551b2e8" ON "app_favoriteartist" ("user_id");
CREATE INDEX "app_favoriteartist_artist_id_ec2005e1" ON "app_favoriteartist" ("artist_id");
CREATE INDEX "app_favoritecompany_company_id_80f95ec4" ON "app_favoritecompany" ("company_id");
CREATE INDEX "app_favoritecompany_user_id_6db6a902" ON "app_favoritecompany" ("user_id");
CREATE INDEX "app_purchase_user_id_3978aa99" ON "app_purchase" ("user_id");
CREATE INDEX "app_review_product_id_30b78593" ON "app_review" ("product_id");
CREATE INDEX "app_review_user_id_54c922e0" ON "app_review" ("user_id");
COMMIT;
